Sector,Property_Type,BHK,Area_sqft,Price_Lakh,Price_per_sqft,Furnishing,Age,Floor,Facing,Parking,Amenities_Score,Location_Score,Distance_Airport_km,Nearby_Metro,Distance_Hospital_km,Distance_Park_km,Distance_Mall_km,Near_Hospital,Near_Park,Near_Mall,Traffic_Level,Investment_Score,Property_Name,Traffic_Level_Label,Facing_Score
66,Flat,2,2418,314.49,13006,Furnished,2,5,South,1,5,7.1,7.7,0,1.9,1.2,1.7,0,0,0,2,4.1,Green Valley Flat 2BHK #1,Medium,3
66,Flat,3,965,113.55,11767,Furnished,2,1,North,1,5,7.5,7.1,0,1.5,0.4,1.1,1,1,1,2,4.7,Green Valley Flat 3BHK #2,Medium,1
66,House,4,1851,292.96,15827,Semi,1,2,East,1,5,7.3,6,0,1.1,0.8,1.8,1,1,0,2,4.8,Green Valley House 4BHK #3,Medium,2
66,Flat,3,1109,156.5,14112,Furnished,3,2,NW,1,5,7.3,7.4,0,1.6,1.4,2.4,0,0,0,2,4.2,Green Valley Flat 3BHK #4,Medium,1
66,House,3,2175,337.6,15522,Semi,10,1,NW,1,5,7,7.1,0,1.5,1.4,1.3,1,0,1,2,4.4,Green Valley House 3BHK #5,Medium,1
66,Flat,2,2483,289.34,11653,Furnished,1,5,SE,1,4,7,6.9,0,1.2,0.9,2,1,1,0,2,4.3,Green Valley Flat 2BHK #6,Medium,3
66,Flat,3,1627,268.29,16490,Semi,10,4,South,1,5,6.9,5.5,0,0.9,1,1.3,1,1,1,2,4.7,Green Valley Flat 3BHK #7,Medium,3
66,House,3,2346,309.93,13211,Unfurnished,10,2,West,1,5,7.4,7.5,0,1.6,0.5,1.8,0,1,0,2,4.3,Green Valley House 3BHK #8,Medium,1
66,House,3,1465,209.29,14286,Semi,1,2,West,1,5,7.3,5.9,0,1.4,1.5,1.1,1,0,1,2,4.6,Green Valley House 3BHK #9,Medium,1
66,Flat,3,2216,269.69,12170,Semi,2,8,West,1,5,7.3,6.6,0,1.7,0.6,1.7,0,1,0,2,4.4,Green Valley Flat 3BHK #10,Medium,1
66,House,4,2595,362.39,13965,Furnished,2,2,SW,1,3,6.9,7.6,0,1.4,1.4,2.1,1,0,0,2,3.9,Green Valley House 4BHK #11,Medium,3
66,Flat,2,2522,364.63,14458,Unfurnished,1,11,SE,1,4,7.5,8,0,1.8,1.1,1.5,0,0,1,2,4,Green Valley Flat 2BHK #12,Medium,3
66,Flat,4,923,156.02,16904,Furnished,10,11,NE,1,5,7.4,5.3,0,1.5,1,2,1,1,0,2,4.9,Green Valley Flat 4BHK #13,Medium,2
66,Flat,3,906,153.07,16895,Semi,7,12,East,1,5,7,7.6,0,1.5,0.9,2.2,1,1,0,2,4.4,Green Valley Flat 3BHK #14,Medium,2
66,Flat,4,1939,244.88,12629,Furnished,3,10,East,1,5,7,7.8,0,1.9,0.6,2.4,0,1,0,2,4.2,Green Valley Flat 4BHK #15,Medium,2
66,Flat,3,939,131.21,13973,Semi,2,2,North,1,3,7,7.8,0,1.3,0.5,1.4,1,1,1,2,4,Green Valley Flat 3BHK #16,Medium,1
66,Flat,3,2571,442.98,17230,Unfurnished,2,2,East,1,5,7.1,7.8,0,1,0.6,1.6,1,1,0,2,4.4,Green Valley Flat 3BHK #17,Medium,2
66,Flat,4,2142,272.78,12735,Unfurnished,10,7,West,1,5,7.2,6.2,0,0.8,0.5,1.2,1,1,1,2,4.7,Green Valley Flat 4BHK #18,Medium,1
66,Flat,3,1797,264.12,14698,Furnished,2,9,West,1,3,7.2,5.1,0,1.7,1.2,2.5,0,0,0,2,4.1,Green Valley Flat 3BHK #19,Medium,1
66,Flat,4,1351,156.46,11581,Unfurnished,10,1,North,1,3,7.1,7.7,0,1.5,0.7,2.4,1,1,0,2,4.1,Green Valley Flat 4BHK #20,Medium,1
66,House,3,2452,325.65,13281,Unfurnished,5,1,West,1,5,7.3,7.2,0,1.6,0.4,1.8,0,1,0,2,4.4,Green Valley House 3BHK #21,Medium,1
66,House,4,1897,334.16,17615,Semi,2,2,South,1,3,7,6.3,0,1.1,1.5,2.3,1,0,0,2,4.1,Green Valley House 4BHK #22,Medium,3
66,Flat,3,2393,395.23,16516,Unfurnished,10,1,South,1,3,7.1,7.2,0,1,1.4,1.8,1,0,0,2,4,Green Valley Flat 3BHK #23,Medium,3
66,House,3,1909,239.73,12558,Unfurnished,5,1,East,1,4,7.1,5.8,0,0.8,1.4,1.9,1,0,0,2,4.4,Green Valley House 3BHK #24,Medium,2
66,Flat,2,1807,280.23,15508,Furnished,1,13,North,1,3,7.2,5.5,0,1.2,1.5,1.1,1,0,1,2,4.3,Green Valley Flat 2BHK #25,Medium,1
66,Flat,2,1721,212.51,12348,Semi,1,1,SE,1,4,7.4,5.9,0,1.5,0.5,2.1,1,1,0,2,4.6,Green Valley Flat 2BHK #26,Medium,3
66,Flat,4,2504,411.21,16422,Unfurnished,5,9,East,1,3,7,5.7,0,1.3,0.8,1.2,1,1,1,2,4.3,Green Valley Flat 4BHK #27,Medium,2
66,Flat,4,2010,344.25,17127,Semi,1,1,North,1,5,7.2,6.5,0,1.3,1.2,2.2,1,0,0,2,4.5,Green Valley Flat 4BHK #28,Medium,1
66,House,3,1516,272.49,17974,Furnished,1,1,South,1,5,7.3,6.2,0,1.9,1.1,2.2,0,0,0,2,4.4,Green Valley House 3BHK #29,Medium,3
66,Villa,4,4371,702.55,16073,Furnished,5,2,NW,1,4,6.9,7,0,1.2,0.5,2.1,1,1,0,2,4.3,Green Valley Villa 4BHK #30,Medium,1
67,Flat,3,1710,178.81,10457,Semi,3,3,South,1,3,7.6,7.9,0,1.2,1.6,0.8,1,0,1,2,4,Silver Heights Flat 3BHK #1,Medium,3
67,Flat,2,1050,102.33,9746,Unfurnished,3,9,East,1,4,7.3,8.6,0,1.5,0.8,1.2,1,1,1,2,4.2,Silver Heights Flat 2BHK #2,Medium,2
67,Flat,2,1797,223.73,12450,Unfurnished,3,14,North,1,5,7.2,6.9,0,1,0.8,1.1,1,1,1,2,4.6,Silver Heights Flat 2BHK #3,Medium,1
67,Flat,2,1441,127.9,8876,Unfurnished,7,2,East,1,4,7.8,7.8,0,1.3,1.2,1.2,1,0,1,2,4.3,Silver Heights Flat 2BHK #4,Medium,2
67,House,3,2807,340.77,12140,Semi,3,2,North,1,3,7.8,7.3,0,1.6,1.3,0.9,0,0,1,2,3.9,Silver Heights House 3BHK #5,Medium,1
67,Flat,2,1583,143.59,9071,Unfurnished,3,13,East,1,5,7.7,7.7,0,1.7,1.3,1.9,0,0,0,2,4.3,Silver Heights Flat 2BHK #6,Medium,2
67,Flat,2,1129,104.11,9221,Unfurnished,1,2,NW,1,5,7.4,6.4,0,0.7,0.6,1.5,1,1,1,2,4.7,Silver Heights Flat 2BHK #7,Medium,1
67,Flat,3,1646,137.05,8326,Semi,2,13,West,1,5,7.3,7.1,0,1.7,1.6,1.2,0,0,1,2,4.2,Silver Heights Flat 3BHK #8,Medium,1
67,Flat,3,2171,201.16,9266,Furnished,2,12,East,1,4,7.6,6.5,0,1.1,0.8,1.3,1,1,1,2,4.6,Silver Heights Flat 3BHK #9,Medium,2
67,Villa,5,3016,280.61,9304,Unfurnished,1,3,SE,1,3,7.5,6.7,0,0.8,0.7,1.3,1,1,1,2,4.3,Silver Heights Villa 5BHK #10,Medium,3
67,House,4,2116,208.72,9864,Furnished,1,2,West,1,4,7.3,6.8,0,1.1,1.7,1.5,1,0,1,2,4.3,Silver Heights House 4BHK #11,Medium,1
67,Flat,3,1619,197.08,12173,Semi,10,11,NW,1,3,7.5,8.6,0,1.8,1.7,1.4,0,0,1,2,3.7,Silver Heights Flat 3BHK #12,Medium,1
67,Flat,4,1443,128.25,8888,Unfurnished,5,1,NW,1,5,7.2,7.3,0,1.1,1.6,1.9,1,0,0,2,4.4,Silver Heights Flat 4BHK #13,Medium,1
67,Villa,4,3577,360.78,10086,Furnished,10,2,SE,1,3,7.7,8.8,0,0.9,1.6,1.4,1,0,1,2,3.9,Silver Heights Villa 4BHK #14,Medium,3
67,Flat,4,2419,232.56,9614,Semi,5,12,South,1,5,7.4,7.9,0,1.3,1.4,2,1,0,0,2,4.4,Silver Heights Flat 4BHK #15,Medium,3
67,Flat,2,2374,288.54,12154,Semi,10,5,SE,1,4,7.6,8.1,0,0.8,1.2,1.8,1,0,0,2,4.2,Silver Heights Flat 2BHK #16,Medium,3
67,Flat,2,1761,195.56,11105,Unfurnished,10,11,East,1,5,7.4,6.9,0,0.6,0.6,1.1,1,1,1,2,4.7,Silver Heights Flat 2BHK #17,Medium,2
67,Flat,2,1522,147.95,9721,Semi,7,5,NW,1,4,7.5,7.3,0,0.7,1,1.9,1,1,0,2,4.4,Silver Heights Flat 2BHK #18,Medium,1
67,Flat,3,2525,237.1,9390,Unfurnished,1,13,NE,1,5,7.5,7.9,0,0.7,1,0.9,1,1,1,2,4.5,Silver Heights Flat 3BHK #19,Medium,2
67,Flat,2,2277,224.06,9840,Furnished,2,5,North,1,3,7.3,9,0,0.7,0.8,1.8,1,1,0,2,3.9,Silver Heights Flat 2BHK #20,Medium,1
67,Flat,2,1832,232.94,12715,Furnished,10,7,SE,1,4,7.8,6.7,0,0.7,1.4,1.3,1,0,1,2,4.5,Silver Heights Flat 2BHK #21,Medium,3
67,Flat,2,2437,216.24,8873,Semi,2,14,East,1,5,7.7,7.4,0,1.3,1.1,1.9,1,0,0,2,4.5,Silver Heights Flat 2BHK #22,Medium,2
67,Flat,2,1834,216.52,11806,Unfurnished,7,3,NW,1,4,7.8,8.4,0,0.7,0.6,1.8,1,1,0,2,4.4,Silver Heights Flat 2BHK #23,Medium,1
67,House,4,2522,234.62,9303,Unfurnished,5,2,SW,1,4,7.7,8.5,0,0.9,0.8,1.8,1,1,0,2,4.3,Silver Heights House 4BHK #24,Medium,3
67,Flat,4,1892,188.42,9959,Semi,5,11,South,1,5,7.6,6.7,0,1.7,1.4,1.7,0,0,0,2,4.4,Silver Heights Flat 4BHK #25,Medium,3
67,Flat,4,1065,98.35,9235,Furnished,5,3,East,1,5,7.8,6.2,0,1.1,0.6,1.2,1,1,1,2,4.9,Silver Heights Flat 4BHK #26,Medium,2
67,Flat,4,1854,157.78,8510,Furnished,5,7,SE,1,5,7.3,6.1,0,1.4,1.6,0.9,1,0,1,2,4.6,Silver Heights Flat 4BHK #27,Medium,3
67,House,4,2376,258.53,10881,Semi,5,1,SE,1,5,7.3,8.2,0,0.7,1.1,1.3,1,0,1,2,4.3,Silver Heights House 4BHK #28,Medium,3
67,House,3,2399,245.54,10235,Semi,5,1,North,1,4,7.2,8,0,0.7,1.1,1,1,0,1,2,4.1,Silver Heights House 3BHK #29,Medium,1
67,House,3,2357,291.68,12375,Furnished,5,1,North,1,3,7.4,7.3,0,0.6,1.3,1.6,1,0,0,2,4.1,Silver Heights House 3BHK #30,Medium,1
68,House,3,1502,181.82,12105,Semi,2,2,SW,1,4,7.9,10.8,0,1.3,0.9,2,1,1,0,1,4.5,Sunrise Residency House 3BHK #1,Low,3
68,Flat,3,1416,136.93,9670,Semi,1,14,North,1,4,7.9,10.5,0,1.4,0.5,3,1,1,0,1,4.5,Sunrise Residency Flat 3BHK #2,Low,1
68,House,3,2944,324.58,11025,Furnished,1,1,East,1,3,8.2,9.9,0,1.3,0.7,2.5,1,1,0,1,4.4,Sunrise Residency House 3BHK #3,Low,2
68,Flat,2,1852,205.55,11099,Semi,2,12,South,1,3,7.9,8.8,0,1.1,0.7,2.7,1,1,0,1,4.5,Sunrise Residency Flat 2BHK #4,Low,3
68,Flat,3,2079,251.02,12074,Semi,10,11,West,1,3,7.9,10.6,0,1.2,0.4,1.7,1,1,0,1,4.3,Sunrise Residency Flat 3BHK #5,Low,1
68,Flat,2,2327,266.91,11470,Unfurnished,7,13,South,1,5,8,9.5,0,1.7,0.9,2.8,0,1,0,1,4.6,Sunrise Residency Flat 2BHK #6,Low,3
68,Flat,3,1041,122.79,11795,Furnished,5,9,SW,1,3,7.8,11.4,0,1.3,0.8,2.9,1,1,0,1,4.3,Sunrise Residency Flat 3BHK #7,Low,3
68,Flat,3,2348,295.07,12567,Furnished,10,3,NE,1,5,8.2,10.8,0,1.5,0.7,2.2,1,1,0,1,4.8,Sunrise Residency Flat 3BHK #8,Low,2
68,Flat,4,2113,245.95,11640,Furnished,1,5,NE,1,4,7.7,10.8,0,1.8,0.9,2.4,0,1,0,1,4.3,Sunrise Residency Flat 4BHK #9,Low,2
68,Flat,4,1676,154.78,9235,Semi,3,6,East,1,4,8.3,9.6,0,2,0.9,2.6,0,1,0,1,4.5,Sunrise Residency Flat 4BHK #10,Low,2
68,Flat,3,2120,238.78,11263,Unfurnished,1,12,West,1,3,8.2,10.7,0,1.1,0.8,1.8,1,1,0,1,4.4,Sunrise Residency Flat 3BHK #11,Low,1
68,Flat,2,2314,301.28,13020,Semi,1,8,South,1,4,7.8,9.7,0,2.2,0.9,2.3,0,1,0,1,4.3,Sunrise Residency Flat 2BHK #12,Low,3
68,Flat,4,2091,269.24,12876,Unfurnished,7,6,NW,1,4,7.7,10.2,0,1.9,0.8,2.1,0,1,0,1,4.3,Sunrise Residency Flat 4BHK #13,Low,1
68,Flat,3,1454,160.8,11059,Furnished,1,5,West,1,4,8.2,10.7,0,1.1,0.7,1.7,1,1,0,1,4.6,Sunrise Residency Flat 3BHK #14,Low,1
68,Villa,4,2784,360.97,12966,Semi,10,2,NE,1,3,8.1,9.4,0,2.3,0.7,2.1,0,1,0,1,4.3,Sunrise Residency Villa 4BHK #15,Low,2
68,Flat,3,928,124.12,13375,Furnished,3,12,North,1,3,8.1,9.4,0,2.4,0.8,1.6,0,1,0,1,4.3,Sunrise Residency Flat 3BHK #16,Low,1
68,Villa,5,2420,331.59,13702,Semi,5,2,SW,1,4,8.2,9.1,0,1.1,0.3,1.5,1,1,1,1,4.8,Sunrise Residency Villa 5BHK #17,Low,3
68,Flat,3,1133,108.03,9535,Semi,5,14,South,1,5,7.7,10.6,0,1.4,0.9,1.7,1,1,0,1,4.7,Sunrise Residency Flat 3BHK #18,Low,3
68,Flat,4,1522,167.92,11033,Furnished,7,2,SE,1,5,7.9,10.9,0,2.2,0.9,2.9,0,1,0,1,4.5,Sunrise Residency Flat 4BHK #19,Low,3
68,Flat,4,1679,211.99,12626,Semi,7,8,SE,1,4,7.8,10.4,0,2.1,0.2,2.3,0,1,0,1,4.3,Sunrise Residency Flat 4BHK #20,Low,3
68,Flat,4,1103,118.04,10702,Unfurnished,2,13,NE,1,5,8.2,9,0,1.3,0.9,2.9,1,1,0,1,5,Sunrise Residency Flat 4BHK #21,Low,2
68,Flat,2,1220,150.62,12346,Semi,10,1,SW,1,4,8.1,9.2,0,1.3,0.3,2.1,1,1,0,1,4.7,Sunrise Residency Flat 2BHK #22,Low,3
68,House,4,1545,172.53,11167,Unfurnished,7,1,West,1,4,7.9,10.1,0,1.6,0.5,2,0,1,0,1,4.3,Sunrise Residency House 4BHK #23,Low,1
68,Flat,3,2592,248.42,9584,Furnished,2,3,NE,1,5,7.7,11,0,1.7,0.8,2.3,0,1,0,1,4.5,Sunrise Residency Flat 3BHK #24,Low,2
68,Villa,5,2509,288.31,11491,Unfurnished,5,3,NE,1,5,7.9,10,0,1.9,0.3,2.2,0,1,0,1,4.5,Sunrise Residency Villa 5BHK #25,Low,2
68,Flat,2,1784,207.66,11640,Unfurnished,3,12,North,1,3,7.9,11.4,0,1.6,0.9,1.7,0,1,0,1,4.1,Sunrise Residency Flat 2BHK #26,Low,1
68,House,3,2966,406.94,13720,Furnished,2,2,SW,1,5,8.1,9.8,0,1.7,0.9,2.5,0,1,0,1,4.6,Sunrise Residency House 3BHK #27,Low,3
68,Flat,4,1792,233.46,13028,Furnished,5,11,NW,1,4,8.1,9.5,0,2.1,0.6,1.8,0,1,0,1,4.5,Sunrise Residency Flat 4BHK #28,Low,1
68,Flat,2,1575,205.66,13058,Semi,10,7,SE,1,5,8.2,9.9,0,1.1,0.2,2.4,1,1,0,1,4.8,Sunrise Residency Flat 2BHK #29,Low,3
68,Flat,3,1137,139.98,12311,Unfurnished,1,13,SW,1,4,8,9.1,0,1.4,0.4,2.5,1,1,0,1,4.7,Sunrise Residency Flat 3BHK #30,Low,3
69,Flat,3,2180,205.4,9422,Furnished,3,8,East,1,4,7.6,11.1,0,2.5,0.9,1.4,0,1,1,1,4.2,Palm Grove Flat 3BHK #1,Low,2
69,Flat,2,2190,240.02,10960,Unfurnished,2,10,NE,1,5,7.9,10.2,0,2.8,1.2,1.3,0,0,1,1,4.4,Palm Grove Flat 2BHK #2,Low,2
69,Flat,2,1845,189.32,10261,Semi,10,2,NE,1,5,8,9.3,0,2.1,0.9,2.4,0,1,0,1,4.7,Palm Grove Flat 2BHK #3,Low,2
69,House,4,1899,256.65,13515,Furnished,5,2,West,1,5,7.8,10.7,0,2.2,0.6,1.9,0,1,0,1,4.5,Palm Grove House 4BHK #4,Low,1
69,Flat,2,1465,181.65,12399,Semi,7,13,NE,1,3,8,10.7,0,1.4,0.9,1.3,1,1,1,1,4.4,Palm Grove Flat 2BHK #5,Low,2
69,House,4,1704,228.54,13412,Semi,3,2,NW,1,5,7.8,9.6,0,2,0.8,2.8,0,1,0,1,4.6,Palm Grove House 4BHK #6,Low,1
69,Villa,4,2978,324.99,10913,Semi,1,3,NW,1,5,7.8,10.6,0,2.2,1,1.3,0,1,1,1,4.5,Palm Grove Villa 4BHK #7,Low,1
69,House,4,2759,360.24,13057,Furnished,2,1,NW,1,3,7.8,8.8,0,1.6,0.5,2.3,0,1,0,1,4.3,Palm Grove House 4BHK #8,Low,1
69,Villa,4,2590,265.84,10264,Furnished,5,3,NE,1,4,7.5,10.6,0,1.7,1,2.8,0,1,0,1,4.2,Palm Grove Villa 4BHK #9,Low,2
69,Flat,3,2281,304.99,13371,Semi,3,14,SW,1,5,7.6,10.4,0,1.9,0.8,1.6,0,1,0,1,4.4,Palm Grove Flat 3BHK #10,Low,3
69,Flat,4,1488,144.93,9740,Semi,1,4,South,1,4,7.5,10.6,0,1.2,1.2,1.4,1,0,1,1,4.3,Palm Grove Flat 4BHK #11,Low,3
69,Villa,4,3328,379.49,11403,Semi,3,2,SE,1,3,7.9,10.1,0,1.8,0.7,1.4,0,1,1,1,4.1,Palm Grove Villa 4BHK #12,Low,3
69,Flat,2,1248,120.38,9646,Unfurnished,5,3,West,1,4,7.7,8.9,0,1.6,0.9,1.7,0,1,0,1,4.4,Palm Grove Flat 2BHK #13,Low,1
69,Flat,3,1841,167.09,9076,Semi,3,5,East,1,3,7.8,11.3,0,1.8,1.1,1.4,0,0,1,1,3.9,Palm Grove Flat 3BHK #14,Low,2
69,Villa,5,3737,476.17,12742,Semi,2,3,SE,1,4,8,9.2,0,1.4,0.5,2.3,1,1,0,1,4.7,Palm Grove Villa 5BHK #15,Low,3
69,Flat,4,1505,171.84,11418,Furnished,10,12,SE,1,4,7.6,10.2,0,2.8,1.1,1.3,0,0,1,1,4.1,Palm Grove Flat 4BHK #16,Low,3
69,Flat,4,1000,130.69,13069,Semi,2,10,NW,1,3,7.7,9.1,0,2.3,1,2,0,1,0,1,4.2,Palm Grove Flat 4BHK #17,Low,1
69,Flat,4,2471,250.07,10120,Unfurnished,1,11,North,1,4,8,8.6,0,2.4,0.5,2.8,0,1,0,1,4.6,Palm Grove Flat 4BHK #18,Low,1
69,Flat,2,1084,126.57,11676,Unfurnished,5,5,East,1,3,7.6,10.9,0,2.6,0.6,2.5,0,1,0,1,4,Palm Grove Flat 2BHK #19,Low,2
69,House,4,2487,257.33,10347,Semi,5,2,NE,1,5,7.5,10.9,0,2.1,1,2.2,0,1,0,1,4.4,Palm Grove House 4BHK #20,Low,2
69,Flat,2,1188,128.87,10848,Unfurnished,10,13,SE,1,5,7.7,8.8,0,1.4,0.5,1.7,1,1,0,1,4.9,Palm Grove Flat 2BHK #21,Low,3
69,Flat,3,1998,254.25,12725,Semi,10,2,NE,1,5,7.6,11,0,2.2,0.9,2.2,0,1,0,1,4.4,Palm Grove Flat 3BHK #22,Low,2
69,Villa,4,2957,272.19,9205,Unfurnished,7,3,NW,1,5,8.1,10.4,0,2.3,0.7,2,0,1,0,1,4.6,Palm Grove Villa 4BHK #23,Low,1
69,Flat,3,2335,288.23,12344,Furnished,2,5,North,1,3,8,11.5,0,2.5,0.9,1.9,0,1,0,1,4.2,Palm Grove Flat 3BHK #24,Low,1
69,Flat,2,2000,243.66,12183,Semi,3,3,SE,1,5,7.9,10.7,0,2,0.4,1.4,0,1,1,1,4.5,Palm Grove Flat 2BHK #25,Low,3
69,House,3,2402,271.21,11291,Furnished,10,2,NW,1,3,8,9.8,0,1.4,1.1,2.6,1,0,0,1,4.3,Palm Grove House 3BHK #26,Low,1
69,Flat,3,1103,132.46,12009,Unfurnished,10,11,NW,1,3,8,9.3,0,1.7,1.2,1.9,0,0,0,1,4.1,Palm Grove Flat 3BHK #27,Low,1
69,Villa,5,2375,329.91,13891,Furnished,1,2,NW,1,3,7.6,10.9,0,1.9,1.2,1.5,0,0,1,1,3.9,Palm Grove Villa 5BHK #28,Low,1
69,Flat,4,1324,142.58,10769,Furnished,3,10,East,1,5,8,9.3,0,2.4,1,1.8,0,1,0,1,4.7,Palm Grove Flat 4BHK #29,Low,2
69,Villa,4,4212,439.27,10429,Furnished,10,3,North,1,3,7.8,9.6,0,2.2,0.5,1.9,0,1,0,1,4.2,Palm Grove Villa 4BHK #30,Low,1
70,House,4,1432,160,11173,Furnished,2,1,SE,1,5,9.2,10.7,0,0.9,0.8,1.3,1,1,1,3,4.4,Elite Enclave House 4BHK #1,High,3
70,Flat,3,1951,193.01,9893,Semi,7,10,West,1,5,9.2,10.7,0,1.5,0.3,1.2,1,1,1,3,4.4,Elite Enclave Flat 3BHK #2,High,1
70,Villa,5,3876,368.14,9498,Semi,5,2,SE,1,5,8.9,10,0,1.1,0.3,1.3,1,1,1,3,4.3,Elite Enclave Villa 5BHK #3,High,3
70,Villa,4,2330,325.8,13983,Furnished,1,3,East,1,4,8.8,10.4,0,0.8,0.5,0.5,1,1,1,3,4.1,Elite Enclave Villa 4BHK #4,High,2
70,Flat,3,1680,224.21,13346,Semi,5,10,SE,1,3,8.8,8.8,0,0.7,0.6,0.9,1,1,1,3,4.1,Elite Enclave Flat 3BHK #5,High,3
70,Flat,4,2376,255.68,10761,Semi,5,14,West,1,4,9,11,0,0.7,0.8,1,1,1,1,3,4.2,Elite Enclave Flat 4BHK #6,High,1
70,Flat,4,1094,136.71,12496,Semi,10,6,NE,1,4,9.2,10.6,0,0.8,0.8,0.5,1,1,1,3,4.2,Elite Enclave Flat 4BHK #7,High,2
70,Flat,2,1074,134.65,12537,Furnished,10,2,NW,1,3,9.2,8.7,0,0.7,0.6,0.8,1,1,1,3,4.2,Elite Enclave Flat 2BHK #8,High,1
70,Villa,5,2500,297.4,11896,Unfurnished,5,3,North,1,4,8.7,9.4,0,0.8,0.5,1.3,1,1,1,3,4.2,Elite Enclave Villa 5BHK #9,High,1
70,Flat,4,1335,172.88,12950,Furnished,1,3,NW,1,5,9,8.8,0,0.9,1,0.6,1,1,1,3,4.6,Elite Enclave Flat 4BHK #10,High,1
70,Flat,2,2553,347.08,13595,Unfurnished,7,7,North,1,5,9,11,0,0.8,0.6,1,1,1,1,3,4.4,Elite Enclave Flat 2BHK #11,High,1
70,Flat,2,1459,168.24,11531,Semi,3,12,North,1,3,8.8,10.2,0,1.4,0.6,0.7,1,1,1,3,3.9,Elite Enclave Flat 2BHK #12,High,1
70,Flat,2,2417,223.6,9251,Furnished,10,11,West,1,4,8.8,9.9,0,0.7,0.4,0.5,1,1,1,3,4.1,Elite Enclave Flat 2BHK #13,High,1
70,Flat,3,2377,324.44,13649,Unfurnished,1,6,North,1,3,8.9,10.8,0,1.1,0.9,0.7,1,1,1,3,3.9,Elite Enclave Flat 3BHK #14,High,1
70,Flat,2,1457,181.73,12473,Semi,7,8,SW,1,4,9.3,9.1,0,1,0.8,1.5,1,1,1,3,4.4,Elite Enclave Flat 2BHK #15,High,3
70,Flat,3,1780,201.5,11320,Unfurnished,10,2,SW,1,5,8.9,9.4,0,1.5,0.5,1.3,1,1,1,3,4.4,Elite Enclave Flat 3BHK #16,High,3
70,Flat,4,1012,108.02,10674,Semi,2,1,East,1,4,9,9.5,0,0.7,0.4,1.5,1,1,1,3,4.2,Elite Enclave Flat 4BHK #17,High,2
70,Flat,4,1781,179.13,10058,Semi,7,3,West,1,5,9.1,11,0,1,0.8,1,1,1,1,3,4.4,Elite Enclave Flat 4BHK #18,High,1
70,House,3,2213,278.24,12573,Furnished,5,1,South,1,4,8.9,9.8,0,1.5,0.8,0.6,1,1,1,3,4.2,Elite Enclave House 3BHK #19,High,3
70,Flat,4,1755,174.5,9943,Semi,1,5,NW,1,3,9.3,9.9,0,1.4,0.5,1,1,1,1,3,4.1,Elite Enclave Flat 4BHK #20,High,1
70,Flat,3,1080,106.56,9867,Furnished,5,7,SE,1,5,9.3,9.7,0,1.3,1,1,1,1,1,3,4.5,Elite Enclave Flat 3BHK #21,High,3
70,Flat,3,1353,140.4,10377,Furnished,7,6,South,1,5,8.9,9.1,0,0.8,0.4,1.3,1,1,1,3,4.5,Elite Enclave Flat 3BHK #22,High,3
70,House,4,2889,315.91,10935,Furnished,2,1,NE,1,3,9,10.3,0,0.8,0.6,0.6,1,1,1,3,4,Elite Enclave House 4BHK #23,High,2
70,House,3,1762,225.54,12800,Unfurnished,7,2,SW,1,5,8.9,10.4,0,1.2,1,1,1,1,1,3,4.3,Elite Enclave House 3BHK #24,High,3
70,Villa,5,3294,415.11,12602,Furnished,5,2,SW,1,5,8.9,10.9,0,1.4,0.6,0.7,1,1,1,3,4.3,Elite Enclave Villa 5BHK #25,High,3
70,Flat,3,1939,223.8,11542,Semi,5,2,North,1,3,8.7,11,0,1.1,0.7,0.8,1,1,1,3,3.9,Elite Enclave Flat 3BHK #26,High,1
70,Flat,2,2159,283.97,13153,Semi,5,10,North,1,4,9.1,10.5,0,1.1,0.6,1.2,1,1,1,3,4.2,Elite Enclave Flat 2BHK #27,High,1
70,Flat,3,1926,183.09,9506,Semi,1,3,NW,1,5,9,10,0,0.9,0.5,1,1,1,1,3,4.4,Elite Enclave Flat 3BHK #28,High,1
70,Flat,2,2349,295.95,12599,Unfurnished,7,8,East,1,4,8.7,11.3,0,1.3,1,0.9,1,1,1,3,4.1,Elite Enclave Flat 2BHK #29,High,2
70,Flat,3,2290,215.9,9428,Unfurnished,10,10,NW,1,3,8.9,8.8,0,0.8,0.6,0.9,1,1,1,3,4.1,Elite Enclave Flat 3BHK #30,High,1
71,Flat,3,1416,197.35,13937,Furnished,3,12,South,1,5,8.7,8.9,0,1.3,1.4,1.4,1,0,1,2,4.6,Harmony Homes Flat 3BHK #1,Medium,3
71,Flat,4,2330,284.49,12210,Furnished,7,11,South,1,4,8.3,9.6,0,1.5,0.7,1.7,1,1,0,2,4.3,Harmony Homes Flat 4BHK #2,Medium,3
71,House,3,2772,345.61,12468,Unfurnished,3,1,North,1,4,8.3,9,0,1.6,0.7,1.9,0,1,0,2,4.2,Harmony Homes House 3BHK #3,Medium,1
71,Flat,3,1293,130.93,10126,Furnished,1,4,NE,1,3,8.5,10.8,0,1.2,0.5,1.9,1,1,0,2,4.1,Harmony Homes Flat 3BHK #4,Medium,2
71,House,3,2755,277.51,10073,Unfurnished,5,2,East,1,3,8.8,11,0,1,1.2,1.7,1,0,0,2,4.1,Harmony Homes House 3BHK #5,Medium,2
71,House,3,2876,269.11,9357,Semi,3,2,West,1,4,8.3,9.4,0,1.7,0.9,1.2,0,1,1,2,4.1,Harmony Homes House 3BHK #6,Medium,1
71,House,4,1879,216.74,11535,Semi,2,1,NW,1,5,8.6,11.5,0,1.3,1.4,1.6,1,0,0,2,4.4,Harmony Homes House 4BHK #7,Medium,1
71,Flat,3,2493,327.06,13119,Unfurnished,5,7,East,1,3,8.7,8.9,0,1.7,1,1.3,0,1,1,2,4.1,Harmony Homes Flat 3BHK #8,Medium,2
71,Flat,4,1884,226.83,12040,Unfurnished,1,14,South,1,4,8.3,10.8,0,1.1,1.5,1.1,1,0,1,2,4.1,Harmony Homes Flat 4BHK #9,Medium,3
71,Flat,4,1201,151.12,12583,Furnished,2,14,SW,1,4,8.6,9.7,0,1.5,0.7,1.8,1,1,0,2,4.4,Harmony Homes Flat 4BHK #10,Medium,3
71,Flat,3,1382,133.61,9668,Semi,2,7,North,1,4,8.4,11,0,1.6,1.4,0.8,0,0,1,2,3.9,Harmony Homes Flat 3BHK #11,Medium,1
71,Flat,2,1181,134.04,11350,Semi,10,1,East,1,5,8.6,9.8,0,1,1.3,1.9,1,0,0,2,4.4,Harmony Homes Flat 2BHK #12,Medium,2
71,Flat,2,938,100.99,10766,Furnished,7,5,SE,1,3,8.6,9.2,0,1.3,1.3,1.4,1,0,1,2,4.1,Harmony Homes Flat 2BHK #13,Medium,3
71,Flat,2,1759,224.17,12744,Furnished,1,11,SW,1,5,8.5,8.5,0,1.1,1.3,1.6,1,0,0,2,4.6,Harmony Homes Flat 2BHK #14,Medium,3
71,Flat,2,2371,269.96,11386,Semi,1,3,NW,1,3,8.3,9.7,0,1,1.3,1.6,1,0,0,2,4,Harmony Homes Flat 2BHK #15,Medium,1
71,Flat,2,1972,188.4,9554,Unfurnished,7,6,North,1,4,8.7,8.6,0,2.2,1.1,1.9,0,0,0,2,4.2,Harmony Homes Flat 2BHK #16,Medium,1
71,Flat,3,1419,129.6,9133,Semi,1,12,NW,1,3,8.4,10.5,0,1.3,0.6,1.6,1,1,0,2,4.1,Harmony Homes Flat 3BHK #17,Medium,1
71,Flat,4,2405,281.94,11723,Furnished,1,13,NW,1,5,8.3,10.9,0,2,0.5,1.5,0,1,1,2,4.2,Harmony Homes Flat 4BHK #18,Medium,1
71,Flat,4,1851,239.15,12920,Unfurnished,2,12,East,1,3,8.2,10.8,0,1.2,1.4,0.9,1,0,1,2,3.9,Harmony Homes Flat 4BHK #19,Medium,2
71,Flat,3,1312,139.52,10634,Furnished,3,1,NE,1,5,8.6,11.5,0,1.8,1.1,1.4,0,0,1,2,4.2,Harmony Homes Flat 3BHK #20,Medium,2
71,Flat,3,974,102.9,10565,Semi,3,13,North,1,5,8.6,9.3,0,1.9,1.3,1,0,0,1,2,4.3,Harmony Homes Flat 3BHK #21,Medium,1
71,House,4,2219,269.99,12167,Semi,2,2,SW,1,5,8.2,9.6,0,1.7,1,1.7,0,1,0,2,4.3,Harmony Homes House 4BHK #22,Medium,3
71,House,4,1569,151.35,9646,Semi,7,2,East,1,5,8.5,9.5,0,1.5,0.6,1.4,1,1,1,2,4.6,Harmony Homes House 4BHK #23,Medium,2
71,Flat,4,1505,190.41,12652,Unfurnished,10,5,SE,1,3,8.3,9.8,0,1.4,0.6,1.6,1,1,0,2,4.1,Harmony Homes Flat 4BHK #24,Medium,3
71,Flat,4,1622,203.77,12563,Semi,10,10,North,1,3,8.6,10.4,0,1.4,1.2,0.9,1,0,1,2,4,Harmony Homes Flat 4BHK #25,Medium,1
71,Flat,4,2291,212.03,9255,Furnished,7,3,SW,1,3,8.3,8.7,0,2.1,0.9,0.9,0,1,1,2,4,Harmony Homes Flat 4BHK #26,Medium,3
71,House,4,2141,292.16,13646,Furnished,7,2,East,1,5,8.6,11.3,0,2,0.7,1.7,0,1,0,2,4.3,Harmony Homes House 4BHK #27,Medium,2
71,Flat,2,2075,276.74,13337,Semi,5,3,NW,1,5,8.4,9.2,0,2.2,1,0.9,0,1,1,2,4.4,Harmony Homes Flat 2BHK #28,Medium,1
71,Flat,4,1281,169.62,13241,Semi,7,8,South,1,4,8.8,10.6,0,1.1,0.6,0.9,1,1,1,2,4.4,Harmony Homes Flat 4BHK #29,Medium,3
71,Flat,4,1484,193.26,13023,Furnished,1,12,East,1,3,8.3,9,0,1.9,1.1,0.8,0,0,1,2,3.8,Harmony Homes Flat 4BHK #30,Medium,2
74,House,3,2796,331.21,11846,Unfurnished,1,2,NE,1,4,6.9,10.6,0,3.9,1.4,3.9,0,0,0,1,3.9,Meadow Park House 3BHK #1,Low,2
74,Villa,4,3480,347.79,9994,Furnished,2,2,West,1,4,6.8,9.6,0,2.4,2.2,3.5,0,0,0,1,3.9,Meadow Park Villa 4BHK #2,Low,1
74,Flat,3,2545,256.1,10063,Unfurnished,1,9,South,1,4,7.3,11.5,0,2.1,1.5,2.7,0,0,0,1,4,Meadow Park Flat 3BHK #3,Low,3
74,House,4,2975,407.84,13709,Furnished,2,2,NW,1,5,7.2,9.8,0,3.5,1.7,2.6,0,0,0,1,4.2,Meadow Park House 4BHK #4,Low,1
74,Flat,3,1162,157.06,13516,Unfurnished,7,14,East,1,3,6.9,10,0,3.1,1,2.7,0,1,0,1,3.8,Meadow Park Flat 3BHK #5,Low,2
74,House,3,2461,282.79,11491,Furnished,2,1,NW,1,5,7.1,9.5,0,3.7,1.1,3.5,0,0,0,1,4.2,Meadow Park House 3BHK #6,Low,1
74,Villa,5,2323,246.42,10608,Unfurnished,7,3,NE,1,3,7.2,9.4,0,2.3,1.6,3.3,0,0,0,1,3.8,Meadow Park Villa 5BHK #7,Low,2
74,Flat,4,2212,306.32,13848,Unfurnished,2,3,East,1,5,7,10.7,0,3.6,1.7,2.4,0,0,0,1,4.1,Meadow Park Flat 4BHK #8,Low,2
74,Flat,4,984,90.84,9232,Furnished,1,14,NE,1,5,7,10.8,0,2.4,1.9,2.3,0,0,0,1,4.1,Meadow Park Flat 4BHK #9,Low,2
74,Flat,4,962,129.57,13469,Semi,10,8,NE,1,4,6.8,10.9,0,2.3,1.4,2.2,0,0,0,1,3.8,Meadow Park Flat 4BHK #10,Low,2
74,Flat,3,1828,173.48,9490,Furnished,5,2,SE,1,4,6.8,9.1,0,2.3,2,3.3,0,0,0,1,4,Meadow Park Flat 3BHK #11,Low,3
74,Flat,3,2371,280.47,11829,Semi,2,6,NW,1,5,7.2,8.8,0,3.6,2.3,3.5,0,0,0,1,4.3,Meadow Park Flat 3BHK #12,Low,1
74,Flat,2,1447,159.6,11030,Furnished,1,8,North,1,4,7.2,11.1,0,3.3,2.2,2.5,0,0,0,1,4,Meadow Park Flat 2BHK #13,Low,1
74,Flat,2,2566,352.36,13732,Unfurnished,3,6,West,1,3,7.1,11.5,0,3,1.1,2,0,0,0,1,3.7,Meadow Park Flat 2BHK #14,Low,1
74,Flat,3,1918,186.76,9737,Semi,7,1,SW,1,3,6.9,10.3,0,2.7,1.7,2.2,0,0,0,1,3.7,Meadow Park Flat 3BHK #15,Low,3
74,Flat,3,1913,245.92,12855,Semi,7,10,North,1,3,6.9,8.9,0,3.8,1.2,3.9,0,0,0,1,3.8,Meadow Park Flat 3BHK #16,Low,1
74,Flat,3,2464,295.61,11997,Furnished,5,7,North,1,5,7.1,9.1,0,2.8,1.4,2.6,0,0,0,1,4.3,Meadow Park Flat 3BHK #17,Low,1
74,Flat,2,1691,214.57,12689,Unfurnished,3,9,South,1,3,7.2,9.7,0,3.6,2.5,3.5,0,0,0,1,3.8,Meadow Park Flat 2BHK #18,Low,3
74,House,4,2542,258.8,10181,Furnished,7,2,SE,1,5,7.2,8.6,0,2.9,1.2,3.2,0,0,0,1,4.4,Meadow Park House 4BHK #19,Low,3
74,Flat,3,2546,337.45,13254,Semi,2,8,East,1,4,7.2,9.5,0,2.8,1.7,2.8,0,0,0,1,4,Meadow Park Flat 3BHK #20,Low,2
74,Flat,4,2414,276.43,11451,Unfurnished,3,14,SW,1,5,7.1,9.4,0,2.9,1.9,2.4,0,0,0,1,4.2,Meadow Park Flat 4BHK #21,Low,3
74,House,4,2078,257.92,12412,Unfurnished,3,1,North,1,5,6.8,9.3,0,2.6,2.1,2.2,0,0,0,1,4.1,Meadow Park House 4BHK #22,Low,1
74,Flat,4,2082,196.12,9420,Unfurnished,5,4,East,1,5,6.8,10.7,0,3.5,1.8,3.2,0,0,0,1,4,Meadow Park Flat 4BHK #23,Low,2
74,House,4,1702,157.57,9258,Unfurnished,10,1,South,1,3,7.2,9.8,0,3,1,3.5,0,1,0,1,3.9,Meadow Park House 4BHK #24,Low,3
74,Flat,3,2314,286.03,12361,Unfurnished,7,4,SW,1,5,7.1,8.7,0,2.5,1.5,3.3,0,0,0,1,4.3,Meadow Park Flat 3BHK #25,Low,3
74,Flat,2,2048,264.56,12918,Unfurnished,5,6,NW,1,3,6.7,11.2,0,3.8,1.8,3.1,0,0,0,1,3.6,Meadow Park Flat 2BHK #26,Low,1
74,Flat,3,2284,255.01,11165,Unfurnished,5,13,West,1,3,6.8,10.2,0,2.8,1.1,2.1,0,0,0,1,3.6,Meadow Park Flat 3BHK #27,Low,1
74,Flat,3,2479,265.2,10698,Unfurnished,10,5,SW,1,4,7.1,9.5,0,3.1,1.5,3.9,0,0,0,1,4,Meadow Park Flat 3BHK #28,Low,3
74,Villa,5,3178,435.29,13697,Unfurnished,7,2,SE,1,4,6.7,11.4,0,3.8,1,3.6,0,1,0,1,4,Meadow Park Villa 5BHK #29,Low,3
74,House,4,1486,143.35,9647,Semi,5,2,NE,1,5,6.8,9.1,0,3.2,1.1,2.6,0,0,0,1,4.2,Meadow Park House 4BHK #30,Low,2
75,House,4,2551,258.26,10124,Furnished,7,2,West,1,3,7.3,10.5,0,1.7,1.3,3.5,0,0,0,1,3.8,Lotus Apartments House 4BHK #1,Low,1
75,Flat,4,1376,135.12,9820,Semi,3,1,SW,1,3,7.4,10.8,0,3.4,1,2.8,0,1,0,1,4,Lotus Apartments Flat 4BHK #2,Low,3
75,Flat,4,1223,157.72,12896,Semi,10,7,West,1,4,7.4,9.4,0,2.8,1.5,2.8,0,0,0,1,4.1,Lotus Apartments Flat 4BHK #3,Low,1
75,Flat,2,2235,243.66,10902,Unfurnished,10,10,North,1,3,7.1,11.1,0,2.2,1.6,3.1,0,0,0,1,3.7,Lotus Apartments Flat 2BHK #4,Low,1
75,Flat,2,1713,223.68,13058,Furnished,10,13,NE,1,3,7.4,9.4,0,1.8,1.8,3.2,0,0,0,1,3.9,Lotus Apartments Flat 2BHK #5,Low,2
75,Flat,3,1482,199.33,13450,Unfurnished,5,8,East,1,5,7.1,9.3,0,3.1,1,2.9,0,1,0,1,4.4,Lotus Apartments Flat 3BHK #6,Low,2
75,House,4,1732,192.37,11107,Unfurnished,2,2,North,1,5,7.2,10.9,0,2.7,1,2,0,1,0,1,4.3,Lotus Apartments House 4BHK #7,Low,1
75,Flat,2,1259,155.12,12321,Semi,7,10,NW,1,3,7.4,10.5,0,2.6,0.9,2.4,0,1,0,1,4,Lotus Apartments Flat 2BHK #8,Low,1
75,Flat,2,1877,207.07,11032,Furnished,3,6,SE,1,3,7.4,10.8,0,3.3,1.6,3.4,0,0,0,1,3.8,Lotus Apartments Flat 2BHK #9,Low,3
75,Villa,5,4385,488.58,11142,Unfurnished,3,2,West,1,3,7.5,8.9,0,3.1,1.6,2.2,0,0,0,1,4,Lotus Apartments Villa 5BHK #10,Low,1
75,Flat,3,2305,266.16,11547,Unfurnished,1,9,NE,1,4,7.4,9.2,0,1.8,0.8,2.4,0,1,0,1,4.3,Lotus Apartments Flat 3BHK #11,Low,2
75,Villa,5,2627,366.78,13962,Semi,5,3,SW,1,5,7.3,11,0,2.1,1.9,2.5,0,0,0,1,4.2,Lotus Apartments Villa 5BHK #12,Low,3
75,House,3,2476,329.95,13326,Unfurnished,3,2,South,1,5,7.1,8.7,0,2,0.9,2.5,0,1,0,1,4.5,Lotus Apartments House 3BHK #13,Low,3
75,Flat,4,1314,176.02,13396,Furnished,2,10,NW,1,5,7.2,8.8,0,3,1.4,2.8,0,0,0,1,4.3,Lotus Apartments Flat 4BHK #14,Low,1
75,Flat,4,1901,250.55,13180,Semi,1,2,SW,1,3,7.2,9.7,0,1.6,1.7,3.4,0,0,0,1,3.8,Lotus Apartments Flat 4BHK #15,Low,3
75,Flat,4,1846,212.73,11524,Unfurnished,1,11,SE,1,4,7.1,10.7,0,2.6,1.8,2.2,0,0,0,1,3.9,Lotus Apartments Flat 4BHK #16,Low,3
75,Flat,2,1767,168.25,9522,Unfurnished,1,6,South,1,4,7.6,9.4,0,3,1.7,2,0,0,0,1,4.2,Lotus Apartments Flat 2BHK #17,Low,3
75,Flat,2,2468,307.09,12443,Semi,5,11,SW,1,4,7.2,8.7,0,3.3,1.8,2.1,0,0,0,1,4.2,Lotus Apartments Flat 2BHK #18,Low,3
75,Villa,4,3424,358.22,10462,Unfurnished,5,2,East,1,5,7.5,11,0,2.2,1.2,3.3,0,0,0,1,4.2,Lotus Apartments Villa 4BHK #19,Low,2
75,House,4,2348,313.62,13357,Semi,2,2,West,1,4,7.4,9,0,3.1,1.8,2.9,0,0,0,1,4.2,Lotus Apartments House 4BHK #20,Low,1
75,Flat,4,2467,228.52,9263,Unfurnished,5,2,North,1,3,7.5,8.7,0,1.7,0.9,2.3,0,1,0,1,4.2,Lotus Apartments Flat 4BHK #21,Low,1
75,Flat,3,2124,199.61,9398,Furnished,10,11,North,1,4,7.3,9.2,0,3.2,1.9,3.2,0,0,0,1,4.1,Lotus Apartments Flat 3BHK #22,Low,1
75,Flat,2,1186,134.84,11369,Furnished,10,9,NW,1,5,7.3,10.8,0,1.8,1.5,3.3,0,0,0,1,4.2,Lotus Apartments Flat 2BHK #23,Low,1
75,House,3,2018,267.79,13270,Furnished,5,1,NE,1,4,7.3,10.2,0,2.3,1.8,3.2,0,0,0,1,4,Lotus Apartments House 3BHK #24,Low,2
75,Flat,4,1258,157.24,12499,Unfurnished,5,11,North,1,4,7.1,10.5,0,3.1,1.3,3.4,0,0,0,1,3.9,Lotus Apartments Flat 4BHK #25,Low,1
75,House,4,2826,348.84,12344,Furnished,3,2,SE,1,3,7.4,9.9,0,1.8,1.6,2.2,0,0,0,1,3.8,Lotus Apartments House 4BHK #26,Low,3
75,House,4,2849,364.47,12793,Furnished,7,1,SE,1,4,7.2,10.1,0,2,1.4,3.1,0,0,0,1,4,Lotus Apartments House 4BHK #27,Low,3
75,Flat,3,1316,126.95,9647,Semi,3,6,South,1,5,7,11,0,2.9,1.7,2.6,0,0,0,1,4.1,Lotus Apartments Flat 3BHK #28,Low,3
75,Flat,3,2279,317.67,13939,Furnished,1,10,West,1,5,7.4,10.5,0,2.9,0.9,3.2,0,1,0,1,4.4,Lotus Apartments Flat 3BHK #29,Low,1
75,Flat,2,1581,144.27,9125,Furnished,2,5,South,1,5,7.1,11.2,0,2.8,0.9,3,0,1,0,1,4.3,Lotus Apartments Flat 2BHK #30,Low,3
76,Flat,4,1318,144.45,10960,Unfurnished,3,7,NE,1,4,7.9,10.1,0,3.2,1.6,3.6,0,0,0,2,3.8,Royal Residency Flat 4BHK #1,Medium,2
76,Flat,3,1636,213.87,13073,Semi,1,9,SW,1,4,7.9,9.6,0,2.9,1.5,3.4,0,0,0,2,3.8,Royal Residency Flat 3BHK #2,Medium,3
76,Flat,4,1353,137.94,10195,Furnished,3,12,SE,1,4,7.8,9.1,0,2.3,2.6,2.5,0,0,0,2,3.9,Royal Residency Flat 4BHK #3,Medium,3
76,Flat,4,1403,189.55,13510,Unfurnished,10,8,NW,1,4,7.5,11.4,0,2.5,1.6,3.2,0,0,0,2,3.6,Royal Residency Flat 4BHK #4,Medium,1
76,Flat,3,1843,219.04,11885,Furnished,2,3,SW,1,3,7.3,11.5,0,2.2,2.8,4,0,0,0,2,3.4,Royal Residency Flat 3BHK #5,Medium,3
76,Villa,4,2304,208.56,9052,Semi,2,2,West,1,3,7.9,9,0,3.6,1.7,3.9,0,0,0,2,3.7,Royal Residency Villa 4BHK #6,Medium,1
76,Flat,3,1664,215.62,12958,Unfurnished,5,1,North,1,3,7.6,10.2,0,3,1.5,2.3,0,0,0,2,3.5,Royal Residency Flat 3BHK #7,Medium,1
76,Flat,4,2379,318.5,13388,Semi,1,5,SE,1,3,7.9,11.3,0,2.6,2.5,2.5,0,0,0,2,3.6,Royal Residency Flat 4BHK #8,Medium,3
76,Flat,2,1293,172.12,13312,Semi,3,10,NE,1,4,7.9,9.6,0,2.7,2.3,2.4,0,0,0,2,3.8,Royal Residency Flat 2BHK #9,Medium,2
76,Flat,4,1398,151.68,10850,Semi,10,12,South,1,5,7.8,10.8,0,3.7,2,3.5,0,0,0,2,3.9,Royal Residency Flat 4BHK #10,Medium,3
76,Flat,3,1672,215.67,12899,Furnished,10,9,North,1,5,7.5,8.7,0,2.1,2.1,3.7,0,0,0,2,4,Royal Residency Flat 3BHK #11,Medium,1
76,House,4,2558,340.88,13326,Furnished,2,1,West,1,5,7.5,9.9,0,3,2.4,2.6,0,0,0,2,3.9,Royal Residency House 4BHK #12,Medium,1
76,Flat,2,2301,309.44,13448,Unfurnished,10,5,North,1,3,7.8,8.5,0,2.8,1.6,3.1,0,0,0,2,3.8,Royal Residency Flat 2BHK #13,Medium,1
76,Flat,2,2440,299.19,12262,Furnished,3,14,East,1,5,7.5,10.2,0,3,2.8,3.7,0,0,0,2,3.8,Royal Residency Flat 2BHK #14,Medium,2
76,House,4,2186,210.77,9642,Unfurnished,10,1,NW,1,3,7.4,9.8,0,1.8,2.8,3.5,0,0,0,2,3.4,Royal Residency House 4BHK #15,Medium,1
76,House,4,2639,308.05,11673,Furnished,10,2,NE,1,4,7.6,9.2,0,3.5,2.2,3.2,0,0,0,2,3.8,Royal Residency House 4BHK #16,Medium,2
76,Flat,3,1784,246.17,13799,Unfurnished,5,3,South,1,5,7.9,10.9,0,3.7,1.5,3.3,0,0,0,2,4,Royal Residency Flat 3BHK #17,Medium,3
76,House,3,1948,235.94,12112,Unfurnished,10,1,East,1,5,7.7,9.5,0,2.9,2.3,3.1,0,0,0,2,4,Royal Residency House 3BHK #18,Medium,2
76,Flat,2,1531,182.92,11948,Semi,1,8,East,1,3,7.6,9.8,0,3.2,1.3,2.7,0,0,0,2,3.5,Royal Residency Flat 2BHK #19,Medium,2
76,Flat,4,1735,159.88,9215,Furnished,3,2,South,1,5,7.4,10.9,0,3.6,1.2,3.2,0,0,0,2,3.8,Royal Residency Flat 4BHK #20,Medium,3
76,House,3,1997,243.15,12176,Furnished,10,2,West,1,5,7.7,9,0,3.2,1.6,3.4,0,0,0,2,4.1,Royal Residency House 3BHK #21,Medium,1
76,Flat,2,1450,162.37,11198,Semi,2,5,South,1,3,7.9,9.3,0,2.1,1.9,3.8,0,0,0,2,3.7,Royal Residency Flat 2BHK #22,Medium,3
76,Flat,2,1639,180.62,11020,Unfurnished,10,5,SW,1,5,7.4,9.1,0,3,2.6,3.3,0,0,0,2,4,Royal Residency Flat 2BHK #23,Medium,3
76,Flat,3,913,107.01,11721,Unfurnished,5,7,NW,1,4,7.6,9.8,0,3,2.4,3.6,0,0,0,2,3.7,Royal Residency Flat 3BHK #24,Medium,1
76,House,3,2015,280.91,13941,Unfurnished,2,2,SW,1,4,7.8,11.4,0,2.6,2.4,2.5,0,0,0,2,3.7,Royal Residency House 3BHK #25,Medium,3
76,Villa,5,4011,468.04,11669,Semi,3,2,SE,1,4,7.7,11.3,0,3.3,1.9,3,0,0,0,2,3.7,Royal Residency Villa 5BHK #26,Medium,3
76,Flat,4,1268,171.26,13506,Furnished,10,11,SW,1,5,7.7,9.8,0,3.7,1.8,2.2,0,0,0,2,3.9,Royal Residency Flat 4BHK #27,Medium,3
76,Flat,4,1041,128.57,12351,Unfurnished,5,14,East,1,5,7.7,9.2,0,3.7,1.8,2.6,0,0,0,2,4,Royal Residency Flat 4BHK #28,Medium,2
76,Flat,4,1766,213.47,12088,Furnished,5,13,SW,1,5,7.5,10.1,0,2.7,2.8,3.5,0,0,0,2,3.8,Royal Residency Flat 4BHK #29,Medium,3
76,Villa,5,4226,504.8,11945,Unfurnished,7,2,South,1,3,7.5,10.5,0,2,1.3,4,0,0,0,2,3.4,Royal Residency Villa 5BHK #30,Medium,3
77,Flat,4,2154,336.3,15613,Unfurnished,10,1,SE,1,4,8.2,5.3,0,2.8,1.4,1.1,0,0,1,2,4.6,Windsor Heights Flat 4BHK #1,Medium,3
77,Flat,2,1945,296.59,15249,Unfurnished,7,12,West,1,4,8.2,6.2,0,2.5,1.1,1.6,0,0,0,2,4.4,Windsor Heights Flat 2BHK #2,Medium,1
77,House,3,2106,314.93,14954,Furnished,3,1,SE,1,3,8.2,7.5,0,1.2,0.9,2.2,1,1,0,2,4.4,Windsor Heights House 3BHK #3,Medium,3
77,House,4,2038,300.2,14730,Furnished,7,2,SW,1,4,8.2,5.3,0,2.7,1.2,1.3,0,0,1,2,4.6,Windsor Heights House 4BHK #4,Medium,3
77,House,4,2053,276.31,13459,Furnished,10,1,South,1,3,8,6.9,0,2.6,1,1.8,0,1,0,2,4.2,Windsor Heights House 4BHK #5,Medium,3
77,Flat,2,2416,367.88,15227,Furnished,7,4,East,1,4,8,6.3,0,1.9,1.4,2.1,0,0,0,2,4.4,Windsor Heights Flat 2BHK #6,Medium,2
77,Flat,3,2189,274.19,12526,Unfurnished,10,3,SE,1,4,8.2,7.2,0,2.1,1.4,1.9,0,0,0,2,4.3,Windsor Heights Flat 3BHK #7,Medium,3
77,House,4,2612,370.51,14185,Furnished,10,2,West,1,3,8.1,7.3,0,1.7,0.9,1.3,0,1,1,2,4.2,Windsor Heights House 4BHK #8,Medium,1
77,House,3,2582,453.12,17549,Unfurnished,2,1,NW,1,4,8.1,6.4,0,1.1,0.8,1.5,1,1,1,2,4.7,Windsor Heights House 3BHK #9,Medium,1
77,Flat,3,1980,268.63,13567,Unfurnished,5,11,SE,1,5,8.2,6,0,1.6,1.1,2.2,0,0,0,2,4.7,Windsor Heights Flat 3BHK #10,Medium,3
77,House,3,2779,445.56,16033,Unfurnished,1,2,East,1,4,8.2,5.7,0,2.4,1.4,1.8,0,0,0,2,4.5,Windsor Heights House 3BHK #11,Medium,2
77,Flat,3,2320,352.27,15184,Semi,5,3,East,1,5,7.9,6.3,0,1,0.7,1,1,1,1,2,4.9,Windsor Heights Flat 3BHK #12,Medium,2
77,Flat,4,2320,288.12,12419,Unfurnished,2,11,SW,1,4,7.9,5.6,0,1.6,1.1,2.1,0,0,0,2,4.4,Windsor Heights Flat 4BHK #13,Medium,3
77,House,3,2135,319.59,14969,Furnished,2,1,SE,1,5,7.8,7,0,1.7,1.1,1.1,0,0,1,2,4.4,Windsor Heights House 3BHK #14,Medium,3
77,Flat,3,1751,313.08,17880,Semi,5,12,East,1,3,8,5.1,0,2,1.2,2.1,0,0,0,2,4.3,Windsor Heights Flat 3BHK #15,Medium,2
77,House,4,1466,188.25,12841,Unfurnished,3,2,East,1,4,7.7,7.2,0,2.7,0.6,1.3,0,1,1,2,4.3,Windsor Heights House 4BHK #16,Medium,2
77,House,3,2572,339.35,13194,Unfurnished,3,1,North,1,5,8,6.6,0,1.6,1.2,2.4,0,0,0,2,4.5,Windsor Heights House 3BHK #17,Medium,1
77,Villa,4,3013,339.38,11264,Semi,3,3,NW,1,3,8,7.6,0,1.6,1.4,1.6,0,0,0,2,4,Windsor Heights Villa 4BHK #18,Medium,1
77,Flat,2,1329,226.49,17042,Unfurnished,10,13,NW,1,5,7.9,6.9,0,2.3,0.7,1.5,0,1,1,2,4.6,Windsor Heights Flat 2BHK #19,Medium,1
77,Flat,2,2507,442.84,17664,Furnished,1,4,NW,1,5,8.1,6.8,0,1.8,0.7,1.2,0,1,1,2,4.7,Windsor Heights Flat 2BHK #20,Medium,1
77,Flat,4,1499,235.21,15691,Semi,7,5,South,1,3,7.7,7.8,0,1.4,1.5,1.5,1,0,1,2,4.1,Windsor Heights Flat 4BHK #21,Medium,3
77,Villa,4,2543,310.2,12198,Unfurnished,3,2,West,1,5,7.7,6.5,0,1.8,0.7,2.3,0,1,0,2,4.6,Windsor Heights Villa 4BHK #22,Medium,1
77,Flat,3,2185,307.5,14073,Semi,1,7,South,1,4,8.2,7.2,0,1.3,1.4,2.5,1,0,0,2,4.5,Windsor Heights Flat 3BHK #23,Medium,3
77,Flat,3,1831,250.5,13681,Unfurnished,1,8,South,1,5,7.9,6.9,0,1.3,1,1.6,1,1,0,2,4.8,Windsor Heights Flat 3BHK #24,Medium,3
77,Flat,2,2529,360.58,14258,Furnished,5,9,West,1,4,7.8,6,0,1.9,0.7,1.7,0,1,0,2,4.5,Windsor Heights Flat 2BHK #25,Medium,1
77,Flat,4,2083,325.72,15637,Semi,3,3,North,1,3,8,6.9,0,1.8,1.4,2.1,0,0,0,2,4.1,Windsor Heights Flat 4BHK #26,Medium,1
77,House,3,1654,241.73,14615,Semi,1,1,SE,1,3,8.2,7.7,0,2.6,0.9,2.3,0,1,0,2,4.2,Windsor Heights House 3BHK #27,Medium,3
77,House,4,1725,202.93,11764,Unfurnished,3,2,NE,1,3,7.8,7,0,1.7,1,1.9,0,1,0,2,4.1,Windsor Heights House 4BHK #28,Medium,2
77,Flat,2,1711,231.02,13502,Unfurnished,10,11,West,1,4,8.1,5.3,0,2,0.9,1.6,0,1,0,2,4.7,Windsor Heights Flat 2BHK #29,Medium,1
77,Flat,2,1876,226.75,12087,Unfurnished,2,2,SW,1,3,7.8,7.1,0,2.1,1.1,1.6,0,0,0,2,4,Windsor Heights Flat 2BHK #30,Medium,3
78,House,4,2821,336.07,11913,Furnished,2,1,SE,1,3,8,8.4,0,1.2,0.5,2.5,1,1,0,1,4.6,Prestige Towers House 4BHK #1,Low,3
78,Flat,3,1512,168.36,11135,Furnished,10,3,East,1,3,8.3,7.7,0,2.1,0.7,1.5,0,1,1,1,4.6,Prestige Towers Flat 3BHK #2,Low,2
78,Flat,2,1801,175.51,9745,Unfurnished,10,6,East,1,4,8.3,8.1,0,1.4,1.2,2.4,1,0,0,1,4.8,Prestige Towers Flat 2BHK #3,Low,2
78,House,3,1605,144.58,9008,Unfurnished,10,1,SE,1,4,8.4,6.9,0,2.4,0.6,2,0,1,0,1,4.9,Prestige Towers House 3BHK #4,Low,3
78,Flat,3,2220,222.71,10032,Unfurnished,7,2,NE,1,5,8.4,8.5,0,1.4,0.9,2.7,1,1,0,1,5.1,Prestige Towers Flat 3BHK #5,Low,2
78,Flat,3,1320,171.22,12971,Unfurnished,2,9,SE,1,4,8.6,6.2,0,1.7,0.7,1.6,0,1,0,1,5.1,Prestige Towers Flat 3BHK #6,Low,3
78,House,3,2413,215.31,8923,Furnished,5,2,South,1,5,8.3,9,0,1.3,1,2.4,1,1,0,1,5,Prestige Towers House 3BHK #7,Low,3
78,Villa,4,3584,393.99,10993,Unfurnished,10,3,East,1,4,8.2,6.1,0,2.5,0.5,2.2,0,1,0,1,5,Prestige Towers Villa 4BHK #8,Low,2
78,Flat,3,1341,113.92,8495,Semi,7,1,NE,1,5,8.5,7.5,0,1.9,1.2,2.5,0,0,0,1,4.9,Prestige Towers Flat 3BHK #9,Low,2
78,Flat,4,1723,213.57,12395,Unfurnished,7,2,East,1,4,8.2,6.9,0,2,0.8,1.6,0,1,0,1,4.9,Prestige Towers Flat 4BHK #10,Low,2
78,Flat,2,2554,316.54,12394,Semi,5,3,South,1,4,8.3,7.3,0,1.3,0.6,2.4,1,1,0,1,5.1,Prestige Towers Flat 2BHK #11,Low,3
78,Villa,4,2237,194.75,8706,Semi,1,2,SW,1,5,8,6.2,0,2.2,0.5,2.3,0,1,0,1,5.1,Prestige Towers Villa 4BHK #12,Low,3
78,Flat,4,2416,216.91,8978,Furnished,10,3,East,1,5,8,6.5,0,1.5,0.5,2.3,1,1,0,1,5.3,Prestige Towers Flat 4BHK #13,Low,2
78,Villa,5,2683,242.52,9039,Unfurnished,3,3,South,1,3,8.6,8.4,0,2.4,0.8,2.4,0,1,0,1,4.6,Prestige Towers Villa 5BHK #14,Low,3
78,Flat,2,1438,182.96,12723,Unfurnished,1,12,SW,1,4,8.5,7.1,0,1.5,0.7,2.5,1,1,0,1,5.2,Prestige Towers Flat 2BHK #15,Low,3
78,Flat,4,1241,115.26,9288,Semi,1,6,South,1,3,8.4,7.5,0,1.4,1.1,2.7,1,0,0,1,4.7,Prestige Towers Flat 4BHK #16,Low,3
78,Flat,2,1400,166.1,11864,Semi,5,1,East,1,3,8.2,7.7,0,1.2,0.7,1.9,1,1,0,1,4.8,Prestige Towers Flat 2BHK #17,Low,2
78,Villa,5,2919,292.86,10033,Semi,10,3,NW,1,4,8.1,7.7,0,1.8,0.6,2.7,0,1,0,1,4.7,Prestige Towers Villa 5BHK #18,Low,1
78,Flat,4,1007,98.97,9828,Unfurnished,1,3,SE,1,3,8.1,8.6,0,1.9,0.9,2.2,0,1,0,1,4.4,Prestige Towers Flat 4BHK #19,Low,3
78,House,4,2070,259.37,12530,Semi,1,1,NW,1,3,8.2,7.7,0,1.3,1,1.6,1,1,0,1,4.8,Prestige Towers House 4BHK #20,Low,1
78,Flat,4,1396,153.78,11016,Unfurnished,5,8,West,1,5,8.3,8.3,0,2.2,0.5,1.6,0,1,0,1,4.9,Prestige Towers Flat 4BHK #21,Low,1
78,Flat,2,1739,172.3,9908,Unfurnished,3,1,North,1,4,8.4,8.3,0,1.8,0.5,2,0,1,0,1,4.7,Prestige Towers Flat 2BHK #22,Low,1
78,Flat,4,2389,211.45,8851,Furnished,7,5,West,1,4,8.4,8.9,0,1.9,0.4,2.7,0,1,0,1,4.6,Prestige Towers Flat 4BHK #23,Low,1
78,Villa,4,3146,262.97,8359,Furnished,7,2,SE,1,5,8.2,7.4,0,1.8,1,2.6,0,1,0,1,5,Prestige Towers Villa 4BHK #24,Low,3
78,House,3,2435,273.45,11230,Furnished,7,1,North,1,4,8.6,8.9,0,1.7,0.9,2.7,0,1,0,1,4.7,Prestige Towers House 3BHK #25,Low,1
78,Flat,3,1545,173.33,11219,Unfurnished,10,13,NW,1,4,8.4,6.8,0,1.9,0.8,2.3,0,1,0,1,5,Prestige Towers Flat 3BHK #26,Low,1
78,Flat,2,1178,150.65,12789,Furnished,2,13,South,1,3,8.3,7.4,0,1.4,1.1,2.2,1,0,0,1,4.7,Prestige Towers Flat 2BHK #27,Low,3
78,Flat,4,1633,158.4,9700,Semi,3,13,SW,1,4,8.4,6.3,0,1.4,1,1.7,1,1,0,1,5.3,Prestige Towers Flat 4BHK #28,Low,3
78,House,4,2843,277.51,9761,Semi,2,1,South,1,5,8.3,8.9,0,2.3,0.9,2,0,1,0,1,4.8,Prestige Towers House 4BHK #29,Low,3
78,Flat,2,2286,231.59,10131,Furnished,1,5,SE,1,4,8.1,8.2,0,2.4,1.1,2.2,0,0,0,1,4.5,Prestige Towers Flat 2BHK #30,Low,3
79,Flat,3,1108,101.33,9145,Furnished,1,13,North,1,3,7.8,6.6,0,3.2,1.8,3,0,0,0,1,4.4,Garden View Flat 3BHK #1,Low,1
79,Flat,4,2190,190.27,8688,Unfurnished,7,11,NE,1,3,8.1,9,0,3,1.7,3.3,0,0,0,1,4.2,Garden View Flat 4BHK #2,Low,2
79,Flat,4,1808,163.71,9055,Furnished,3,13,South,1,3,7.6,6.2,0,3.8,1.9,4.1,0,0,0,1,4.4,Garden View Flat 4BHK #3,Low,3
79,Villa,5,3617,298.08,8241,Semi,10,3,SE,1,3,7.7,6.6,0,3.3,1.6,4.4,0,0,0,1,4.4,Garden View Villa 5BHK #4,Low,3
79,Flat,3,1813,150.17,8283,Unfurnished,7,3,West,1,5,7.6,7.5,0,2.6,2.3,5,0,0,0,1,4.7,Garden View Flat 3BHK #5,Low,1
79,House,4,1524,156.83,10291,Semi,2,1,SE,1,3,7.6,8.7,0,2.8,2.9,4.9,0,0,0,1,4.1,Garden View House 4BHK #6,Low,3
79,Flat,4,2542,207.4,8159,Semi,10,9,NW,1,4,8.1,8.3,0,3.9,1.6,4.2,0,0,0,1,4.5,Garden View Flat 4BHK #7,Low,1
79,Flat,4,1928,215.57,11181,Semi,2,6,North,1,4,8,6.7,0,3.8,1.7,3.7,0,0,0,1,4.7,Garden View Flat 4BHK #8,Low,1
79,House,4,1519,187.4,12337,Semi,7,2,West,1,3,7.9,6.7,0,2.6,2.2,4.2,0,0,0,1,4.5,Garden View House 4BHK #9,Low,1
79,Flat,4,2571,217.46,8458,Furnished,7,13,SE,1,4,7.7,6.5,0,2.9,2.9,4.5,0,0,0,1,4.6,Garden View Flat 4BHK #10,Low,3
79,Flat,4,2328,299.05,12846,Furnished,10,6,NW,1,5,7.9,6.4,0,3,2,3.1,0,0,0,1,4.9,Garden View Flat 4BHK #11,Low,1
79,Villa,5,4220,398.28,9438,Semi,1,3,South,1,3,7.9,7.8,0,3.8,2.3,3.7,0,0,0,1,4.3,Garden View Villa 5BHK #12,Low,3
79,Flat,3,901,86.95,9650,Furnished,3,6,East,1,4,7.7,6.1,0,2.5,1.6,4.6,0,0,0,1,4.7,Garden View Flat 3BHK #13,Low,2
79,Flat,2,2485,305.93,12311,Semi,1,2,NW,1,5,7.9,7.2,0,2.7,1.7,3.6,0,0,0,1,4.8,Garden View Flat 2BHK #14,Low,1
79,Flat,3,1560,144.92,9290,Unfurnished,5,3,SW,1,5,7.8,6.5,0,4.1,3,4.1,0,0,0,1,4.9,Garden View Flat 3BHK #15,Low,3
79,Villa,5,2914,323.42,11099,Semi,10,2,NE,1,3,8,8.2,0,2.9,2.9,4.1,0,0,0,1,4.3,Garden View Villa 5BHK #16,Low,2
79,Villa,5,4324,410.39,9491,Unfurnished,3,2,West,1,5,8,6.3,0,3.8,1.5,3.2,0,0,0,1,5,Garden View Villa 5BHK #17,Low,1
79,Flat,3,2426,241.36,9949,Semi,3,2,East,1,5,7.6,8.5,0,3,2.9,3.6,0,0,0,1,4.5,Garden View Flat 3BHK #18,Low,2
79,Flat,4,1587,128.44,8093,Semi,2,8,West,1,5,7.8,7.1,0,2.7,2.5,3.5,0,0,0,1,4.8,Garden View Flat 4BHK #19,Low,1
79,House,3,1498,173.6,11589,Unfurnished,5,2,East,1,4,8,8.6,0,3,2.8,2.9,0,0,0,1,4.4,Garden View House 3BHK #20,Low,2
79,Flat,3,1107,132.03,11927,Unfurnished,10,14,West,1,3,7.9,6.2,0,3.9,2.2,2.9,0,0,0,1,4.5,Garden View Flat 3BHK #21,Low,1
79,House,4,1441,146.1,10139,Furnished,1,2,NW,1,3,8.1,6.5,0,4.2,2.3,4.6,0,0,0,1,4.6,Garden View House 4BHK #22,Low,1
79,Flat,2,1592,190.31,11954,Unfurnished,1,10,SE,1,5,8,7.8,0,4.2,2.2,3.4,0,0,0,1,4.7,Garden View Flat 2BHK #23,Low,3
79,Flat,2,1107,107.19,9683,Furnished,5,6,NE,1,5,7.7,6.9,0,3.3,2.5,3.9,0,0,0,1,4.8,Garden View Flat 2BHK #24,Low,2
79,Flat,3,2070,248.83,12021,Furnished,1,9,NW,1,3,7.6,6.3,0,3.8,1.7,3.5,0,0,0,1,4.4,Garden View Flat 3BHK #25,Low,1
79,House,4,1808,148.44,8210,Furnished,2,1,NE,1,3,8,8.5,0,2.9,1.5,4.9,0,0,0,1,4.2,Garden View House 4BHK #26,Low,2
79,Flat,3,1864,189.57,10170,Furnished,10,8,SE,1,3,7.6,8.7,0,3.1,2,3.4,0,0,0,1,4.1,Garden View Flat 3BHK #27,Low,3
79,Flat,3,991,114.98,11602,Semi,3,5,West,1,4,8,6.2,0,4.3,2.6,3.7,0,0,0,1,4.8,Garden View Flat 3BHK #28,Low,1
79,House,3,1575,195.85,12435,Semi,7,2,West,1,5,8.2,8.5,0,2.5,1.8,4.7,0,0,0,1,4.7,Garden View House 3BHK #29,Low,1
79,House,4,2496,316.77,12691,Furnished,5,2,NE,1,3,7.9,8.7,0,2.7,2.5,4.7,0,0,0,1,4.2,Garden View House 4BHK #30,Low,2
80,House,3,1646,154.99,9416,Furnished,2,2,West,1,3,8.6,7.3,0,1,1,1.3,1,1,1,2,4.6,Skyline Residency House 3BHK #1,Medium,1
80,Villa,5,2827,363.95,12874,Semi,3,2,South,1,3,8.8,7.7,0,0.8,0.4,2.2,1,1,0,2,4.6,Skyline Residency Villa 5BHK #2,Medium,3
80,Flat,3,1964,159.1,8101,Unfurnished,7,8,SE,1,3,8.7,6.4,0,1,0.8,1.7,1,1,0,2,4.7,Skyline Residency Flat 3BHK #3,Medium,3
80,Flat,4,2453,217.46,8865,Unfurnished,1,2,NE,1,5,8.7,8.6,0,1.5,0.6,1.7,1,1,0,2,4.8,Skyline Residency Flat 4BHK #4,Medium,2
80,Flat,4,1894,245.99,12988,Semi,1,10,East,1,4,9,6.4,0,1.3,0.9,1.2,1,1,1,2,5,Skyline Residency Flat 4BHK #5,Medium,2
80,Flat,4,1722,193.59,11242,Semi,10,1,West,1,3,8.6,7.4,0,1.9,0.4,1.1,0,1,1,2,4.3,Skyline Residency Flat 4BHK #6,Medium,1
80,Flat,3,941,98.64,10482,Semi,3,6,SW,1,5,9,6.3,0,1.8,0.8,2.1,0,1,0,2,5,Skyline Residency Flat 3BHK #7,Medium,3
80,House,3,2015,214.15,10628,Semi,10,2,SE,1,5,8.9,6.3,0,1.2,0.9,1.7,1,1,0,2,5.2,Skyline Residency House 3BHK #8,Medium,3
80,Flat,3,2417,295.62,12231,Semi,1,8,East,1,3,8.5,8.1,0,1.1,1,1.7,1,1,0,2,4.4,Skyline Residency Flat 3BHK #9,Medium,2
80,Flat,4,2064,194.49,9423,Furnished,2,1,North,1,3,8.4,7.4,0,1.3,0.8,2.1,1,1,0,2,4.5,Skyline Residency Flat 4BHK #10,Medium,1
80,Villa,4,3122,368.46,11802,Unfurnished,5,3,South,1,5,8.5,6.7,0,1.5,0.6,2.1,1,1,0,2,5,Skyline Residency Villa 4BHK #11,Medium,3
80,Flat,3,1263,150.13,11887,Unfurnished,7,14,NW,1,4,8.4,8.5,0,1.1,0.7,1.2,1,1,1,2,4.5,Skyline Residency Flat 3BHK #12,Medium,1
80,Flat,4,1085,89.23,8224,Semi,1,5,East,1,5,8.5,8.6,0,1.5,0.9,1.9,1,1,0,2,4.7,Skyline Residency Flat 4BHK #13,Medium,2
80,Flat,4,1323,150.21,11354,Unfurnished,1,5,North,1,4,8.8,7.9,0,1.3,0.7,1.2,1,1,1,2,4.7,Skyline Residency Flat 4BHK #14,Medium,1
80,Flat,2,1358,176.31,12983,Semi,10,5,NE,1,4,8.4,8.6,0,1.5,0.3,2.1,1,1,0,2,4.5,Skyline Residency Flat 2BHK #15,Medium,2
80,Flat,2,1855,227.52,12265,Unfurnished,5,5,South,1,3,8.6,9,0,1.3,1,2,1,1,0,2,4.3,Skyline Residency Flat 2BHK #16,Medium,3
80,Villa,5,4299,449.03,10445,Unfurnished,1,3,SW,1,3,8.9,9,0,1.2,0.8,2.4,1,1,0,2,4.4,Skyline Residency Villa 5BHK #17,Medium,3
80,Flat,3,1434,149.81,10447,Furnished,2,11,West,1,3,8.4,7.2,0,1.9,0.8,1.1,0,1,1,2,4.3,Skyline Residency Flat 3BHK #18,Medium,1
80,Flat,2,2377,287,12074,Semi,3,1,SE,1,4,8.9,8.2,0,1.7,0.5,1.1,0,1,1,2,4.5,Skyline Residency Flat 2BHK #19,Medium,3
80,Flat,4,2571,277.95,10811,Unfurnished,10,4,West,1,5,8.6,7.9,0,1,0.8,1.4,1,1,1,2,4.9,Skyline Residency Flat 4BHK #20,Medium,1
80,Flat,4,1634,170.9,10459,Furnished,10,9,East,1,4,8.5,7.4,0,1.8,0.6,1.4,0,1,1,2,4.5,Skyline Residency Flat 4BHK #21,Medium,2
80,House,3,2792,243.77,8731,Furnished,3,2,West,1,5,8.8,7.3,0,1.4,0.8,1.4,1,1,1,2,5,Skyline Residency House 3BHK #22,Medium,1
80,House,4,1933,228.07,11799,Furnished,5,2,North,1,5,8.8,7.7,0,1.9,0.4,2.4,0,1,0,2,4.7,Skyline Residency House 4BHK #23,Medium,1
80,Flat,3,1298,116.57,8981,Unfurnished,5,9,NE,1,4,8.9,8.6,0,1.8,0.8,1.4,0,1,1,2,4.4,Skyline Residency Flat 3BHK #24,Medium,2
80,Flat,2,1601,202.75,12664,Semi,2,7,NW,1,5,8.8,8.3,0,1.3,1,1.4,1,1,1,2,4.9,Skyline Residency Flat 2BHK #25,Medium,1
80,Flat,4,1262,106.95,8475,Furnished,5,6,NE,1,3,8.9,7.7,0,0.8,0.3,2.1,1,1,0,2,4.6,Skyline Residency Flat 4BHK #26,Medium,2
80,Flat,2,1165,134.58,11552,Unfurnished,5,10,SE,1,4,8.6,7.1,0,1.1,1,1.7,1,1,0,2,4.8,Skyline Residency Flat 2BHK #27,Medium,3
80,Flat,2,2396,194.44,8115,Semi,7,6,West,1,3,8.5,6,0,1.4,0.6,2.2,1,1,0,2,4.7,Skyline Residency Flat 2BHK #28,Medium,1
80,House,3,2820,297.68,10556,Furnished,1,2,SE,1,5,8.9,6.9,0,1.6,0.9,1.1,0,1,1,2,4.9,Skyline Residency House 3BHK #29,Medium,3
80,Flat,2,1510,177.18,11734,Unfurnished,7,5,NW,1,4,8.9,9,0,1.1,0.8,1.7,1,1,0,2,4.6,Skyline Residency Flat 2BHK #30,Medium,1
81,Flat,3,1635,156.03,9543,Furnished,5,13,North,1,3,8.5,8.2,0,1.7,1.3,1.6,0,0,0,1,4.4,Emerald Heights Flat 3BHK #1,Low,1
81,Flat,4,944,114.54,12133,Furnished,1,10,NW,1,5,8.1,8.4,0,2.8,1.5,1.6,0,0,0,1,4.7,Emerald Heights Flat 4BHK #2,Low,1
81,Flat,4,1423,176.17,12380,Unfurnished,1,13,North,1,5,8.1,8,0,3,1.7,2.9,0,0,0,1,4.7,Emerald Heights Flat 4BHK #3,Low,1
81,Flat,4,1137,132.34,11639,Semi,1,7,NE,1,4,8.4,6.5,0,2.3,1.1,1.7,0,0,0,1,4.8,Emerald Heights Flat 4BHK #4,Low,2
81,Flat,4,919,105.2,11447,Unfurnished,1,5,NE,1,5,8.1,8.1,0,1.8,1,2.3,0,1,0,1,4.9,Emerald Heights Flat 4BHK #5,Low,2
81,Flat,2,1947,174.53,8964,Semi,1,12,South,1,4,8.5,7.8,0,1.9,1.4,2.1,0,0,0,1,4.7,Emerald Heights Flat 2BHK #6,Low,3
81,House,3,2133,222.24,10419,Furnished,1,2,SW,1,3,8.4,8.8,0,1.5,1.6,2,1,0,0,1,4.5,Emerald Heights House 3BHK #7,Low,3
81,Flat,2,926,80.83,8729,Furnished,7,11,SW,1,3,8.2,8.3,0,2.9,1.5,2.8,0,0,0,1,4.3,Emerald Heights Flat 2BHK #8,Low,3
81,Flat,4,1107,109.52,9893,Semi,3,5,NE,1,4,8.4,6.3,0,1.7,1.6,1.5,0,0,1,1,4.9,Emerald Heights Flat 4BHK #9,Low,2
81,Flat,2,1495,157.89,10561,Semi,10,6,South,1,3,8.4,6,0,2.4,1.1,2.5,0,0,0,1,4.7,Emerald Heights Flat 2BHK #10,Low,3
81,Flat,4,1249,136.49,10928,Semi,7,6,NE,1,5,8,7.1,0,1.9,1.6,2.9,0,0,0,1,4.8,Emerald Heights Flat 4BHK #11,Low,2
81,Flat,2,1720,201.91,11739,Semi,5,7,SW,1,4,8.4,8.7,0,2.3,0.7,2.3,0,1,0,1,4.7,Emerald Heights Flat 2BHK #12,Low,3
81,Flat,2,2325,197.16,8480,Furnished,1,12,SE,1,5,8.2,8.4,0,2.5,1.3,2.9,0,0,0,1,4.7,Emerald Heights Flat 2BHK #13,Low,3
81,Flat,2,2151,235.25,10937,Unfurnished,1,7,East,1,4,8.4,6.3,0,2.7,0.6,1.6,0,1,0,1,5,Emerald Heights Flat 2BHK #14,Low,2
81,Flat,2,1029,108.81,10574,Furnished,10,5,West,1,5,8.1,7.6,0,1.8,1,2.1,0,1,0,1,4.9,Emerald Heights Flat 2BHK #15,Low,1
81,Flat,4,1095,109.89,10036,Semi,3,7,SE,1,3,8.4,8.7,0,1.5,1,1.9,1,1,0,1,4.7,Emerald Heights Flat 4BHK #16,Low,3
81,Flat,2,2217,269.17,12141,Semi,5,3,East,1,3,8.1,7,0,1.7,1.1,2.6,0,0,0,1,4.5,Emerald Heights Flat 2BHK #17,Low,2
81,Flat,3,1003,98.53,9824,Unfurnished,10,9,SE,1,4,7.9,6.2,0,2.9,1.4,3,0,0,0,1,4.7,Emerald Heights Flat 3BHK #18,Low,3
81,Flat,4,1817,219.55,12083,Semi,3,2,South,1,4,8.4,8,0,2.8,1.1,1.9,0,0,0,1,4.6,Emerald Heights Flat 4BHK #19,Low,3
81,Flat,3,973,121.61,12498,Furnished,1,9,NE,1,5,8,6.6,0,2.4,1.1,2.5,0,0,0,1,4.9,Emerald Heights Flat 3BHK #20,Low,2
81,Flat,3,1644,138.82,8444,Furnished,5,14,NW,1,5,8.1,7.8,0,2.4,0.9,1.8,0,1,0,1,4.9,Emerald Heights Flat 3BHK #21,Low,1
81,House,4,2866,256.05,8934,Furnished,10,2,West,1,3,8.5,7.1,0,2.5,1,2.3,0,1,0,1,4.7,Emerald Heights House 4BHK #22,Low,1
81,Flat,3,2021,223.56,11062,Unfurnished,1,9,North,1,3,8.5,6.4,0,1.8,0.9,2.2,0,1,0,1,4.8,Emerald Heights Flat 3BHK #23,Low,1
81,House,4,1619,155.49,9604,Furnished,1,2,SE,1,3,8.2,8.5,0,2.9,0.7,3,0,1,0,1,4.4,Emerald Heights House 4BHK #24,Low,3
81,Flat,3,1120,127.62,11395,Furnished,10,13,South,1,4,8.3,8,0,2.1,1.3,2.4,0,0,0,1,4.6,Emerald Heights Flat 3BHK #25,Low,3
81,Villa,4,4043,499.07,12344,Unfurnished,1,2,SE,1,5,8.2,8.8,0,2.1,1.4,2,0,0,0,1,4.6,Emerald Heights Villa 4BHK #26,Low,3
81,House,3,2816,254.88,9051,Furnished,5,1,NW,1,5,8.1,7.3,0,2.3,1.3,1.7,0,0,0,1,4.8,Emerald Heights House 3BHK #27,Low,1
81,Flat,4,2461,252.03,10241,Semi,3,4,NE,1,4,8.1,6.4,0,1.6,1.2,1.7,0,0,0,1,4.8,Emerald Heights Flat 4BHK #28,Low,2
81,Flat,4,1949,243.37,12487,Semi,10,5,West,1,3,8.3,7.9,0,1.7,1.1,1.8,0,0,0,1,4.4,Emerald Heights Flat 4BHK #29,Low,1
81,Flat,3,2277,215.31,9456,Unfurnished,7,3,NW,1,5,8.4,8.3,0,2.6,1.6,1.9,0,0,0,1,4.8,Emerald Heights Flat 3BHK #30,Low,1
82,Flat,4,2068,347.78,16817,Semi,10,11,NE,1,4,9.4,6.6,0,0.6,0.5,1.4,1,1,1,3,4.8,Grand Plaza Flat 4BHK #1,High,2
82,Flat,2,1008,115.55,11463,Furnished,3,11,East,1,4,9.4,5.8,0,1.1,0.5,1.1,1,1,1,3,4.9,Grand Plaza Flat 2BHK #2,High,2
82,House,4,1817,253.25,13938,Semi,1,1,West,1,5,9,6.7,0,0.7,0.2,1,1,1,1,3,4.9,Grand Plaza House 4BHK #3,High,1
82,Flat,4,1489,244.84,16443,Furnished,5,12,SE,1,4,9.2,5.9,0,0.9,0.4,0.6,1,1,1,3,4.8,Grand Plaza Flat 4BHK #4,High,3
82,Flat,2,2423,306.82,12663,Unfurnished,5,5,West,1,5,8.9,7.1,0,0.8,0.4,1.4,1,1,1,3,4.8,Grand Plaza Flat 2BHK #5,High,1
82,Flat,4,2019,321.87,15942,Furnished,10,12,West,1,4,9.2,5.5,0,0.9,0.4,1.2,1,1,1,3,4.9,Grand Plaza Flat 4BHK #6,High,1
82,Flat,2,1255,190.87,15209,Furnished,5,12,North,1,4,9.2,6.7,0,1.2,0.5,0.6,1,1,1,3,4.7,Grand Plaza Flat 2BHK #7,High,1
82,Flat,4,1422,194.91,13707,Semi,10,1,East,1,3,9.4,7.8,0,0.8,0.5,1.2,1,1,1,3,4.4,Grand Plaza Flat 4BHK #8,High,2
82,Flat,4,2160,354.72,16422,Semi,5,14,NW,1,3,9.1,6,0,1.1,0.6,1,1,1,1,3,4.6,Grand Plaza Flat 4BHK #9,High,1
82,Flat,2,1966,342.89,17441,Unfurnished,2,2,SE,1,5,9,6.2,0,1,0.7,0.6,1,1,1,3,4.9,Grand Plaza Flat 2BHK #10,High,3
82,Flat,2,2258,309.62,13712,Semi,3,6,West,1,5,9,6.4,0,1.2,0.7,1,1,1,1,3,4.9,Grand Plaza Flat 2BHK #11,High,1
82,Flat,4,918,151.28,16479,Semi,5,2,West,1,5,9.4,7.8,0,1.4,0.6,1,1,1,1,3,4.8,Grand Plaza Flat 4BHK #12,High,1
82,Flat,2,2297,324.43,14124,Furnished,5,6,NE,1,5,9.3,5.8,0,1.2,0.8,0.7,1,1,1,3,5.1,Grand Plaza Flat 2BHK #13,High,2
82,Villa,5,4106,615.37,14987,Furnished,3,3,West,1,4,9,5.2,0,0.7,0.2,1.4,1,1,1,3,4.9,Grand Plaza Villa 5BHK #14,High,1
82,Flat,4,1992,321.41,16135,Furnished,2,1,West,1,5,9,7.5,0,0.5,0.3,1.3,1,1,1,3,4.7,Grand Plaza Flat 4BHK #15,High,1
82,Flat,4,2418,352.18,14565,Unfurnished,1,13,East,1,3,9.3,7.2,0,0.8,0.2,1.2,1,1,1,3,4.5,Grand Plaza Flat 4BHK #16,High,2
82,Flat,2,1011,176.99,17506,Semi,7,3,South,1,5,8.9,7.7,0,1.1,0.6,1,1,1,1,3,4.7,Grand Plaza Flat 2BHK #17,High,3
82,Flat,3,2190,318.58,14547,Semi,1,7,SE,1,5,9.4,6.6,0,0.6,0.7,0.9,1,1,1,3,5,Grand Plaza Flat 3BHK #18,High,3
82,Flat,4,1029,176.06,17110,Unfurnished,1,13,South,1,4,9.3,5.3,0,1,0.3,1.2,1,1,1,3,5,Grand Plaza Flat 4BHK #19,High,3
82,House,4,2642,351.54,13306,Semi,5,1,SE,1,5,8.9,6.4,0,1.1,0.8,1,1,1,1,3,4.9,Grand Plaza House 4BHK #20,High,3
82,Flat,2,2429,425.73,17527,Unfurnished,3,7,East,1,4,9,7.7,0,0.8,0.2,0.6,1,1,1,3,4.5,Grand Plaza Flat 2BHK #21,High,2
82,Villa,5,2045,245.58,12009,Furnished,1,2,SE,1,5,9.5,7.8,0,1.3,0.8,1,1,1,1,3,4.9,Grand Plaza Villa 5BHK #22,High,3
82,Flat,4,2418,334.07,13816,Furnished,5,12,East,1,3,9.1,5.7,0,0.6,0.4,1.3,1,1,1,3,4.6,Grand Plaza Flat 4BHK #23,High,2
82,House,3,1634,269.54,16496,Unfurnished,1,1,SW,1,5,9.1,5.2,0,0.6,0.3,1,1,1,1,3,5.1,Grand Plaza House 3BHK #24,High,3
82,Flat,3,1101,186.55,16944,Unfurnished,5,4,NW,1,4,9.4,7,0,1.2,0.5,0.6,1,1,1,3,4.7,Grand Plaza Flat 3BHK #25,High,1
82,Flat,3,2168,272.84,12585,Semi,5,2,SW,1,4,9.5,7,0,1,0.4,1.3,1,1,1,3,4.8,Grand Plaza Flat 3BHK #26,High,3
82,Flat,2,2058,287.81,13985,Semi,5,10,East,1,3,9.5,5.7,0,1.2,0.4,0.7,1,1,1,3,4.8,Grand Plaza Flat 2BHK #27,High,2
82,Flat,4,2212,293.44,13266,Semi,2,7,NW,1,4,9.4,6.3,0,0.9,0.4,0.8,1,1,1,3,4.8,Grand Plaza Flat 4BHK #28,High,1
82,House,4,2529,314.58,12439,Unfurnished,7,1,South,1,4,9.1,7.7,0,0.7,0.7,0.7,1,1,1,3,4.6,Grand Plaza House 4BHK #29,High,3
82,Flat,4,2183,370.21,16959,Furnished,1,2,North,1,5,9,6.2,0,1.3,0.5,0.8,1,1,1,3,4.9,Grand Plaza Flat 4BHK #30,High,1
83,Flat,2,2029,252.65,12452,Unfurnished,5,5,East,1,4,7.6,6.7,0,3.6,1.5,3.5,0,0,0,1,4.6,Tranquil Homes Flat 2BHK #1,Low,2
83,House,4,1674,202.64,12105,Unfurnished,1,2,SE,1,4,7.4,6,0,3.4,1.9,3,0,0,0,1,4.6,Tranquil Homes House 4BHK #2,Low,3
83,Flat,4,2301,280.98,12211,Furnished,5,3,East,1,3,7.4,8.8,0,2.5,2.1,2.4,0,0,0,1,4,Tranquil Homes Flat 4BHK #3,Low,2
83,Flat,2,2407,287.88,11960,Semi,1,12,West,1,4,7.6,6.2,0,3.2,1.4,3.8,0,0,0,1,4.6,Tranquil Homes Flat 2BHK #4,Low,1
83,Flat,2,2269,277.77,12242,Semi,5,4,SW,1,4,7.2,6.1,0,2.7,1.6,3.8,0,0,0,1,4.5,Tranquil Homes Flat 2BHK #5,Low,3
83,Flat,2,2341,239.72,10240,Unfurnished,3,9,East,1,4,7.4,7.1,0,2.2,1.2,3.7,0,0,0,1,4.5,Tranquil Homes Flat 2BHK #6,Low,2
83,Flat,2,1958,216.99,11082,Furnished,7,5,SE,1,4,7.1,7.5,0,3.8,1.3,2.5,0,0,0,1,4.3,Tranquil Homes Flat 2BHK #7,Low,3
83,Flat,4,913,83.43,9138,Semi,2,9,West,1,3,7.4,7.9,0,2.3,2,2.9,0,0,0,1,4.1,Tranquil Homes Flat 4BHK #8,Low,1
83,Flat,2,1222,158.02,12931,Unfurnished,1,6,West,1,4,7.1,8.2,0,3.9,1.3,4,0,0,0,1,4.2,Tranquil Homes Flat 2BHK #9,Low,1
83,Flat,3,1881,241.5,12839,Furnished,10,4,SE,1,3,7.2,6.1,0,2.9,1.8,3.5,0,0,0,1,4.3,Tranquil Homes Flat 3BHK #10,Low,3
83,Flat,2,1175,143.34,12199,Furnished,7,11,East,1,3,7.2,6.8,0,2.4,2.1,2.1,0,0,0,1,4.2,Tranquil Homes Flat 2BHK #11,Low,2
83,Flat,3,2127,173.39,8152,Unfurnished,10,10,NE,1,3,7.5,7.3,0,3.1,1.2,2.1,0,0,0,1,4.3,Tranquil Homes Flat 3BHK #12,Low,2
83,Villa,5,2698,306.63,11365,Unfurnished,2,2,East,1,5,7.5,7.5,0,3.7,1.9,2.9,0,0,0,1,4.6,Tranquil Homes Villa 5BHK #13,Low,2
83,Flat,4,1601,206.3,12886,Unfurnished,1,8,West,1,4,7.5,6.4,0,3.5,1.4,3.8,0,0,0,1,4.6,Tranquil Homes Flat 4BHK #14,Low,1
83,Flat,4,1932,220.98,11438,Furnished,7,11,South,1,3,7.7,8.7,0,3.6,2.4,3.1,0,0,0,1,4.1,Tranquil Homes Flat 4BHK #15,Low,3
83,Flat,4,1930,172.97,8962,Furnished,5,13,East,1,5,7.3,8.5,0,3.3,1.7,3,0,0,0,1,4.4,Tranquil Homes Flat 4BHK #16,Low,2
83,House,4,2469,272.43,11034,Furnished,10,2,SE,1,3,7.3,8.4,0,3.4,2.2,2.2,0,0,0,1,4,Tranquil Homes House 4BHK #17,Low,3
83,Flat,4,2547,323.95,12719,Furnished,5,12,East,1,4,7.6,8.3,0,3.7,1.8,3.3,0,0,0,1,4.3,Tranquil Homes Flat 4BHK #18,Low,2
83,Villa,4,3160,319.51,10111,Furnished,1,3,North,1,5,7.2,6.4,0,2.5,1.1,3.6,0,0,0,1,4.7,Tranquil Homes Villa 4BHK #19,Low,1
83,Flat,4,1320,139.75,10587,Semi,3,12,South,1,3,7.7,8,0,3,1.9,2.8,0,0,0,1,4.2,Tranquil Homes Flat 4BHK #20,Low,3
83,Flat,4,1767,194.28,10995,Unfurnished,3,10,SE,1,3,7.1,7.7,0,2.4,2.4,3.6,0,0,0,1,4.1,Tranquil Homes Flat 4BHK #21,Low,3
83,Flat,2,1658,208,12545,Semi,3,9,NE,1,5,7.7,8.3,0,4,1.9,3.9,0,0,0,1,4.6,Tranquil Homes Flat 2BHK #22,Low,2
83,Flat,2,2250,222.34,9882,Semi,10,2,East,1,3,7.1,7.5,0,3.9,2.2,2.4,0,0,0,1,4.1,Tranquil Homes Flat 2BHK #23,Low,2
83,House,3,1729,139.06,8043,Furnished,2,2,SW,1,5,7.6,6.3,0,2.1,2.3,3,0,0,0,1,4.8,Tranquil Homes House 3BHK #24,Low,3
83,Flat,3,1063,88.32,8309,Unfurnished,5,10,SE,1,5,7.4,7.6,0,3.4,1.3,2.6,0,0,0,1,4.6,Tranquil Homes Flat 3BHK #25,Low,3
83,House,3,2984,359.54,12049,Semi,1,1,West,1,5,7.7,6.9,0,3.9,1.3,3.6,0,0,0,1,4.8,Tranquil Homes House 3BHK #26,Low,1
83,Flat,4,1945,192.5,9897,Unfurnished,2,9,North,1,4,7.1,8,0,2.4,1.9,3.2,0,0,0,1,4.2,Tranquil Homes Flat 4BHK #27,Low,1
83,Villa,4,3130,340.92,10892,Unfurnished,5,3,SE,1,5,7.4,7.6,0,3.1,1.6,3.3,0,0,0,1,4.6,Tranquil Homes Villa 4BHK #28,Low,3
83,House,3,1584,199.27,12580,Unfurnished,3,2,NW,1,4,7.7,7.8,0,3.8,2.3,3.6,0,0,0,1,4.4,Tranquil Homes House 3BHK #29,Low,1
83,Flat,3,2077,210.57,10138,Furnished,5,1,South,1,5,7.4,7.5,0,2.1,2.4,2.8,0,0,0,1,4.6,Tranquil Homes Flat 3BHK #30,Low,3
84,Flat,2,2544,257.22,10111,Unfurnished,7,9,NE,1,5,7.2,8.9,0,4.4,2.5,5.3,0,0,0,1,4.3,Nature's Nest Flat 2BHK #1,Low,2
84,Flat,2,2451,288.19,11758,Unfurnished,5,6,North,1,4,7.2,6.8,0,3.6,2.4,4.3,0,0,0,1,4.4,Nature's Nest Flat 2BHK #2,Low,1
84,Flat,2,2286,225.93,9883,Semi,5,12,NW,1,5,7.1,6,0,4.8,3.2,3.4,0,0,0,1,4.7,Nature's Nest Flat 2BHK #3,Low,1
84,House,3,1988,224.01,11268,Unfurnished,10,1,NW,1,3,7.2,8.8,0,4.9,2.4,4.7,0,0,0,1,3.9,Nature's Nest House 3BHK #4,Low,1
84,Flat,3,1347,137.45,10204,Furnished,10,10,West,1,4,7.2,6.6,0,4.9,3.2,5,0,0,0,1,4.5,Nature's Nest Flat 3BHK #5,Low,1
84,House,4,1823,176.12,9661,Furnished,7,1,NW,1,3,7.3,6.4,0,3.9,2.6,3.8,0,0,0,1,4.3,Nature's Nest House 4BHK #6,Low,1
84,Flat,4,1908,153.67,8054,Unfurnished,1,10,SW,1,4,6.8,6.9,0,4.7,3,5.1,0,0,0,1,4.3,Nature's Nest Flat 4BHK #7,Low,3
84,House,4,2405,293.1,12187,Semi,5,1,West,1,5,7,6.2,0,4.7,2.1,5.3,0,0,0,1,4.7,Nature's Nest House 4BHK #8,Low,1
84,House,4,2507,303.75,12116,Semi,5,1,East,1,4,7.4,8.1,0,3.6,2.9,3.7,0,0,0,1,4.3,Nature's Nest House 4BHK #9,Low,2
84,Flat,4,917,89.19,9726,Semi,7,1,South,1,4,7.3,7.8,0,4.7,2.7,5.5,0,0,0,1,4.3,Nature's Nest Flat 4BHK #10,Low,3
84,Flat,4,1438,146.76,10206,Semi,7,4,NW,1,4,7.1,7.5,0,3.1,2.9,3.4,0,0,0,1,4.3,Nature's Nest Flat 4BHK #11,Low,1
84,Flat,4,2440,268.16,10990,Semi,3,6,SW,1,3,7.2,6.4,0,4.2,2.3,3.5,0,0,0,1,4.3,Nature's Nest Flat 4BHK #12,Low,3
84,Flat,2,2567,262.12,10211,Furnished,7,2,SE,1,4,7,6.4,0,3.5,3.1,3.5,0,0,0,1,4.4,Nature's Nest Flat 2BHK #13,Low,3
84,Villa,4,3937,371.89,9446,Semi,5,2,East,1,5,6.9,7.6,0,3.2,3.3,5.2,0,0,0,1,4.4,Nature's Nest Villa 4BHK #14,Low,2
84,Flat,3,1514,190.84,12605,Unfurnished,1,5,SE,1,3,7.1,6.5,0,3.2,2.3,4.6,0,0,0,1,4.3,Nature's Nest Flat 3BHK #15,Low,3
84,Flat,3,1875,164.78,8788,Semi,10,14,NW,1,4,7,7.1,0,4.4,2.1,3.4,0,0,0,1,4.3,Nature's Nest Flat 3BHK #16,Low,1
84,Flat,3,1604,182.42,11373,Furnished,3,1,West,1,5,7.2,7.9,0,3.7,2,4.1,0,0,0,1,4.5,Nature's Nest Flat 3BHK #17,Low,1
84,Flat,3,1627,198.18,12181,Semi,10,6,SW,1,3,6.8,7.8,0,4.4,3,4.5,0,0,0,1,4,Nature's Nest Flat 3BHK #18,Low,3
84,Flat,2,1243,133.78,10763,Semi,10,11,SE,1,3,7.4,6.5,0,3.1,2.9,3.2,0,0,0,1,4.3,Nature's Nest Flat 2BHK #19,Low,3
84,Flat,3,2237,227.97,10191,Unfurnished,10,5,SE,1,4,7.4,8.3,0,3.6,2.8,5.2,0,0,0,1,4.3,Nature's Nest Flat 3BHK #20,Low,3
84,Villa,5,3695,351.25,9506,Furnished,2,2,West,1,5,7.2,8.8,0,4.1,2.3,5,0,0,0,1,4.3,Nature's Nest Villa 5BHK #21,Low,1
84,House,3,1831,206.02,11252,Furnished,1,1,South,1,4,7.1,6.2,0,4.6,2.6,4.3,0,0,0,1,4.5,Nature's Nest House 3BHK #22,Low,3
84,House,3,1612,149.46,9272,Furnished,10,2,SE,1,4,7,6.7,0,3.6,2.9,5.4,0,0,0,1,4.4,Nature's Nest House 3BHK #23,Low,3
84,Flat,4,1158,142.61,12315,Furnished,1,3,North,1,5,7.3,8.6,0,4.3,2.7,4,0,0,0,1,4.4,Nature's Nest Flat 4BHK #24,Low,1
84,Flat,3,1856,230.66,12428,Semi,7,14,SW,1,3,7.2,7.6,0,4.8,3.5,5.5,0,0,0,1,4.1,Nature's Nest Flat 3BHK #25,Low,3
84,Flat,3,2192,276.63,12620,Semi,7,12,NE,1,4,6.9,7.6,0,4.2,2.2,4.7,0,0,0,1,4.2,Nature's Nest Flat 3BHK #26,Low,2
84,House,4,2030,230.93,11376,Semi,2,2,NE,1,3,7.3,7.6,0,3.5,3,4.6,0,0,0,1,4.2,Nature's Nest House 4BHK #27,Low,2
84,House,3,2104,249.18,11843,Unfurnished,1,2,SW,1,4,7.3,6,0,3,2.6,3.4,0,0,0,1,4.6,Nature's Nest House 3BHK #28,Low,3
84,Flat,3,2122,171.01,8059,Unfurnished,3,4,West,1,4,7.4,7.3,0,4.7,2.6,5.2,0,0,0,1,4.4,Nature's Nest Flat 3BHK #29,Low,1
84,Flat,4,2409,269.62,11192,Semi,2,11,NE,1,3,7.2,7.9,0,3,3.1,4.1,0,0,0,1,4.1,Nature's Nest Flat 4BHK #30,Low,2
85,Flat,4,2553,261.1,10227,Semi,10,12,NE,1,4,6.9,8.6,0,5.2,3.5,4.3,0,0,0,1,4.1,Serene Valley Flat 4BHK #1,Low,2
85,Flat,3,1126,132.08,11730,Unfurnished,5,11,NE,1,5,6.8,7.5,0,4.6,4,4,0,0,0,1,4.4,Serene Valley Flat 3BHK #2,Low,2
85,Flat,2,1001,81.89,8181,Furnished,1,9,NE,1,4,7.1,8.1,0,5.4,2.7,5.1,0,0,0,1,4.2,Serene Valley Flat 2BHK #3,Low,2
85,House,3,1584,128.62,8120,Semi,2,1,NW,1,4,7,8.4,0,5.1,2.7,5.1,0,0,0,1,4.1,Serene Valley House 3BHK #4,Low,1
85,Flat,3,1849,152.71,8259,Semi,1,12,East,1,3,6.5,8.3,0,5.5,3.6,5.4,0,0,0,1,3.8,Serene Valley Flat 3BHK #5,Low,2
85,Flat,3,1271,127.71,10048,Semi,1,4,South,1,5,6.5,7.2,0,4.2,3.4,5.8,0,0,0,1,4.4,Serene Valley Flat 3BHK #6,Low,3
85,Villa,4,2137,251.63,11775,Unfurnished,1,2,West,1,4,6.7,8,0,5,2.9,4.2,0,0,0,1,4.1,Serene Valley Villa 4BHK #7,Low,1
85,Flat,3,1224,102.14,8345,Unfurnished,7,11,South,1,4,7,7.9,0,4.3,2.6,5.5,0,0,0,1,4.2,Serene Valley Flat 3BHK #8,Low,3
85,Flat,2,2265,202.15,8925,Furnished,10,4,SE,1,4,7.1,6.5,0,4.5,2.6,4.4,0,0,0,1,4.5,Serene Valley Flat 2BHK #9,Low,3
85,Flat,2,1710,170.85,9991,Furnished,1,13,SW,1,5,6.6,6.5,0,4.8,3.8,5.7,0,0,0,1,4.5,Serene Valley Flat 2BHK #10,Low,3
85,House,3,1722,150.64,8748,Unfurnished,7,2,NW,1,5,6.9,6.2,0,5.2,2.8,5.6,0,0,0,1,4.6,Serene Valley House 3BHK #11,Low,1
85,Flat,4,1998,177.4,8879,Furnished,5,13,West,1,4,6.7,8.4,0,5.5,3,5.1,0,0,0,1,4,Serene Valley Flat 4BHK #12,Low,1
85,House,4,2901,237.13,8174,Unfurnished,5,1,NW,1,5,7.1,6.8,0,5,2.8,5.4,0,0,0,1,4.6,Serene Valley House 4BHK #13,Low,1
85,Flat,4,1796,187.04,10414,Unfurnished,10,9,SW,1,3,7,6.6,0,4.3,3,4.6,0,0,0,1,4.2,Serene Valley Flat 4BHK #14,Low,3
85,Flat,4,1859,239.89,12904,Unfurnished,2,5,South,1,5,7,7.3,0,4.3,2.6,4.9,0,0,0,1,4.5,Serene Valley Flat 4BHK #15,Low,3
85,House,4,2329,282.83,12144,Semi,10,1,East,1,3,6.8,8.6,0,5,3.3,5.6,0,0,0,1,3.8,Serene Valley House 4BHK #16,Low,2
85,House,3,2056,255.25,12415,Semi,2,1,SW,1,5,6.7,7.8,0,4,2.6,4.9,0,0,0,1,4.3,Serene Valley House 3BHK #17,Low,3
85,Flat,4,1559,137,8788,Unfurnished,10,2,South,1,3,6.7,6.5,0,3.7,3.7,4.7,0,0,0,1,4.1,Serene Valley Flat 4BHK #18,Low,3
85,Flat,2,1894,166.82,8808,Furnished,7,4,SE,1,5,6.5,7.6,0,4.2,2.9,5,0,0,0,1,4.3,Serene Valley Flat 2BHK #19,Low,3
85,House,4,1500,147.12,9808,Unfurnished,10,2,South,1,3,7,8,0,4.1,3.3,5.7,0,0,0,1,4,Serene Valley House 4BHK #20,Low,3
85,Villa,4,3917,429.15,10956,Unfurnished,10,2,SE,1,4,7,6.2,0,4.1,3.8,4.7,0,0,0,1,4.5,Serene Valley Villa 4BHK #21,Low,3
85,Flat,4,983,84.3,8576,Semi,1,12,West,1,5,7.1,6.3,0,4,3.5,4.3,0,0,0,1,4.7,Serene Valley Flat 4BHK #22,Low,1
85,Flat,3,1288,158.55,12310,Unfurnished,2,4,East,1,5,7.1,7.7,0,3.6,3.3,5.4,0,0,0,1,4.5,Serene Valley Flat 3BHK #23,Low,2
85,House,4,2781,319.76,11498,Furnished,2,2,East,1,5,6.8,7.5,0,3.5,3,5.7,0,0,0,1,4.4,Serene Valley House 4BHK #24,Low,2
85,Flat,4,2128,231.65,10886,Semi,7,8,NW,1,4,7,8.3,0,5.5,3,4.2,0,0,0,1,4.2,Serene Valley Flat 4BHK #25,Low,1
85,Flat,4,1562,155.75,9971,Unfurnished,7,10,West,1,4,7.1,8.8,0,4.4,3.5,4.5,0,0,0,1,4.1,Serene Valley Flat 4BHK #26,Low,1
85,Flat,3,1816,145.3,8001,Unfurnished,1,7,NE,1,5,7,7.6,0,4.3,4,4.3,0,0,0,1,4.5,Serene Valley Flat 3BHK #27,Low,2
85,Villa,5,2026,198.89,9817,Furnished,3,3,North,1,5,6.6,8.8,0,4.9,3.5,4.7,0,0,0,1,4.2,Serene Valley Villa 5BHK #28,Low,1
85,Flat,4,2070,181.58,8772,Furnished,5,3,NW,1,3,6.8,6.8,0,3.9,3.3,4.9,0,0,0,1,4.1,Serene Valley Flat 4BHK #29,Low,1
85,House,3,1877,196.33,10460,Furnished,7,2,SE,1,5,6.6,8.2,0,5.4,3.6,5.5,0,0,0,1,4.2,Serene Valley House 3BHK #30,Low,3
